url,title,authors,publisher,pubdate,price,rating,votes,want_to_read,reading,read
https://book.douban.com/subject/1476651/,社会心理学,[美] 戴维·迈尔斯,人民邮电出版社,2006-1,68.00元,9.0,29156,240988,15994,55029
https://book.douban.com/subject/4166819/,你好，旧时光（上 下）,八月长安,新世界出版社,2009-12,39.80元,8.7,52482,50589,3992,99587
https://book.douban.com/subject/4187411/,万物有灵且美,[英] 吉米·哈利,中国城市出版社,2010-1,28.80,8.9,24801,148442,3510,35829
https://book.douban.com/subject/4207781/,孩子你慢慢来,龙应台,生活·读书·新知三联书店,2009-12-1,28.00元,8.7,83210,56683,2964,174908
https://book.douban.com/subject/4238362/,送你一颗子弹,刘瑜,上海三联书店,2010-1,25.00元,8.6,146911,158399,18026,190997
https://book.douban.com/subject/4760224/,许三观卖血记,余华,作家出版社,2012-9,24.00元,9.2,201783,69421,2726,339692
https://book.douban.com/subject/4820710/,1984,[英] 乔治·奥威尔,北京十月文艺出版社,2010-4-1,28.00,9.4,311600,0,0,0
https://book.douban.com/subject/4881850/,阿勒泰的角落,李娟,万卷出版公司,2010-6,25.00元,9.1,24866,59008,2875,37731
https://book.douban.com/subject/1007305/,红楼梦,[清] 曹雪芹 著 高鹗,人民文学出版社,1996-12,59.70元,9.7,463323,207025,48746,733313
https://book.douban.com/subject/6709783/,浪潮之巅,吴军,电子工业出版社,2011-8,55.00元,9.0,35198,106497,6091,51554
https://book.douban.com/subject/6781808/,杀死一只知更鸟,[美] 哈珀·李,译林出版社,2012-9,32.00元,9.2,162639,288665,12748,239555
https://book.douban.com/subject/6789551/,不存在的骑士,[意] 伊塔洛·卡尔维诺,译林出版社,2012-4,22.00元,8.9,30531,36045,1222,42908
https://book.douban.com/subject/6789605/,树上的男爵,[意大利]伊塔洛·卡尔维诺,译林出版社,2012-4-1,30.00元,9.1,71340,150659,5471,102768
https://book.douban.com/subject/6798611/,史蒂夫·乔布斯传,[美] 沃尔特·艾萨克森,中信出版社,2011-10-24,68.00元,8.8,65064,89838,13974,117885
https://book.douban.com/subject/1002299/,笑傲江湖（全四册）,金庸,生活·读书·新知三联书店,1994-5,76.80元,9.1,118283,47951,2174,217602
https://book.douban.com/subject/1007914/,窗边的小豆豆,[日] 黑柳彻子 著 岩崎千弘 图,南海出版公司,2003-1,20.00元,8.9,226013,92793,6047,346975
https://book.douban.com/subject/1008145/,围城,钱锺书,人民文学出版社,1991-2,19.00,9.0,461714,263735,28989,673887
https://book.douban.com/subject/1011754/,海子的诗,海子,人民文学出版社,1999-04,15.40,9.0,50096,78449,4360,155377
https://book.douban.com/subject/1013267/,唐诗三百首,蘅塘退士 陈婉俊,中华书局,1984-07-01,0.65,9.4,30648,25071,2339,66655
https://book.douban.com/subject/1013416/,雷雨,曹禺,人民文学出版社,1999-05,9.20,8.7,85620,32838,961,171386
https://book.douban.com/subject/1014561/,古文观止,吴楚材 吴调侯,中华书局,1987-1-1,21.00元,9.1,20509,34873,4078,39816
https://book.douban.com/subject/1014825/,我也有一个梦想,林达,生活·读书·新知三联书店,2004-08,25.00元,9.0,16954,38112,1823,27831
https://book.douban.com/subject/1019568/,三国演义（全二册）,[明] 罗贯中,人民文学出版社,1998-05,39.50元,9.3,183186,72912,9436,373846
https://book.douban.com/subject/1023045/,我们仨,杨绛,生活·读书·新知三联书店,2003-7,18.80元,8.8,324664,169895,15811,473568
https://book.douban.com/subject/1027191/,历史深处的忧虑,林达,生活·读书·新知三联书店,1997-5,19.00元,9.0,48039,139017,6279,84018
https://book.douban.com/subject/1028842/,经济学原理（上下）,[美] 曼昆,机械工业出版社,2003-8,88.00元,9.1,24014,78388,7668,40023
https://book.douban.com/subject/1051193/,麦琪的礼物,[美] 欧·亨利,上海社会科学院出版社,2003-7,25.00元,8.7,80147,72874,1425,197375
https://book.douban.com/subject/6880158/,陆犯焉识,严歌苓,作家出版社,2011-10,35.00元,8.9,61179,73982,3886,90057
https://book.douban.com/subject/7060185/,江城,[美] 彼得·海斯勒,上海译文出版社,2012-1,36.00元,9.1,69985,162050,8509,109547
https://book.douban.com/subject/1003479/,中国历代政治得失,钱穆,生活·读书·新知三联书店,2001,12.00元,9.2,83373,222912,12697,109637
https://book.douban.com/subject/1029111/,哭泣的骆驼,三毛,哈尔滨出版社,2003-6,15.80元,9.0,60887,64451,1498,131468
https://book.douban.com/subject/1034282/,时间简史,[英] 史蒂芬·霍金,湖南科学技术出版社,2010-4,45.00元,8.9,65662,115359,11510,110675
https://book.douban.com/subject/1036490/,万水千山走遍,三毛,哈尔滨出版社,2003-08,13.80,8.9,49291,32124,1407,92922
https://book.douban.com/subject/1036613/,茶馆,老舍,人民文学出版社,2002-1,9.80元,9.2,40221,36941,905,85358
https://book.douban.com/subject/1040211/,福尔摩斯探案全集（上中下）,[英] 阿·柯南道尔,群众出版社,1981-8,53.00元/68.00元,9.3,145811,81208,7821,221423
https://book.douban.com/subject/1046209/,安徒生童话故事集,（丹麦）安徒生,人民文学出版社,1997-08,25.00元,9.3,144254,36278,2054,271918
https://book.douban.com/subject/1046492/,國史大綱（上下）,錢穆,商务印书馆,2013-8,76.00元,9.4,17808,82657,7768,26377
https://book.douban.com/subject/1883245/,诗经,孔丘 编订,北京出版社,2006-7,19.90元,9.5,31952,42502,5428,64395
https://book.douban.com/subject/26292535/,帷幕,[英]阿加莎·克里斯蒂 [英] 阿加莎·克里斯蒂 (Dame Agatha Christie),新星出版社,2015-2,26.00元,9.2,22310,21708,428,26960
https://book.douban.com/subject/10522856/,冬牧场,李娟,新星出版社,2012-6,29.80元,9.1,48620,78442,3930,61620
https://book.douban.com/subject/1052990/,草房子,曹文轩,江苏少年儿童出版社,2009-6,18.00元,9.0,62902,31678,961,108372
https://book.douban.com/subject/1915958/,野草,鲁迅,人民文学出版社,1973-3,0.20元,9.5,55862,56669,1857,93009
https://book.douban.com/subject/2068249/,温柔的夜,三毛,北京十月文艺出版社,2007-5,28.00元,9.1,25713,32777,841,52362
https://book.douban.com/subject/1028409/,中国少年儿童百科全书（全四册）,林崇德 主编,浙江教育出版社,1991-4,168.00元,9.4,21351,11146,395,31385
https://book.douban.com/subject/1029553/,西游记（全二册）,吴承恩,人民文学出版社,2004-8,47.20元,9.1,102413,29355,4233,250530
https://book.douban.com/subject/1041482/,万历十五年,[美] 黄仁宇,生活·读书·新知三联书店,1997-5,18.00元,9.0,217857,220467,29393,304730
https://book.douban.com/subject/1043008/,格林童话全集,[德]格林兄弟,人民文学出版社,1994-11,21.45元,9.1,101918,25565,1251,225108
https://book.douban.com/subject/1044547/,射雕英雄传,金庸,生活·读书·新知三联书店,1999-04,47.00元,9.1,92420,29502,1558,167790
https://book.douban.com/subject/10594787/,霍乱时期的爱情,[哥伦比亚] 加西亚·马尔克斯,南海出版公司,2012-9-1,39.50元,9.0,310873,349693,35412,417646
https://book.douban.com/subject/1083428/,傲慢与偏见,[英] 奥斯丁,人民文学出版社,1993-7,13.00元,8.9,243765,120137,7324,385483
https://book.douban.com/subject/1089243/,黄金时代,王小波,花城出版社,1999-3,19.00元,8.9,173884,131122,12381,275976
https://book.douban.com/subject/1139360/,毛泽东选集,毛泽东,人民出版社,1991-6,40.00元,9.6,38671,78627,13892,64642
https://book.douban.com/subject/1449352/,朝花夕拾,鲁迅,人民文学出版社,1973-4,0.25元,9.1,173189,54690,3129,321237
https://book.douban.com/subject/1770782/,追风筝的人,[美] 卡勒德·胡赛尼,上海人民出版社,2006-5,29.00元,8.9,826335,432832,59671,1261639
https://book.douban.com/subject/1858513/,月亮和六便士,[英] 毛姆,上海译文出版社,2006-8,15.00元,9.0,224789,221385,16636,328856
https://book.douban.com/subject/2035162/,刀锋,[英] 毛姆,上海译文出版社,2007-3,18.00元,9.0,101844,179218,7887,155541
https://book.douban.com/subject/2035171/,人生的枷锁,[英] 毛姆,上海译文出版社,2007-3,32.00元,9.1,33907,116441,6205,52220
https://book.douban.com/subject/2035179/,动物农场,[英] 乔治·奥威尔,上海译文出版社,2007-3,10.00元,9.3,181005,185998,5665,295594
https://book.douban.com/subject/20421947/,在细雨中呼喊,余华,作家出版社,2012-11-1,25.00元,8.8,92366,56263,4346,116265
https://book.douban.com/subject/20424526/,邓小平时代,【美】傅高义 (Ezra.F.Vogel),生活·读书·新知三联书店,2013-1-18,88.00元,9.4,87064,151427,13690,106259
https://book.douban.com/subject/20428302/,失明症漫记,[葡] 若泽·萨拉马戈,南海出版公司,2014-2,29.50元,9.0,44679,100090,3534,57023
https://book.douban.com/subject/20440644/,文学回忆录,木心 讲述 陈丹青 笔录,广西师范大学出版社,2013-1-10,98.00元,9.1,46597,118786,15774,64030
https://book.douban.com/subject/2046909/,故事新编,鲁迅,人民文学出版社,1973-12-01,0.31 元,9.4,51787,55623,1504,125943
https://book.douban.com/subject/3261600/,人生的智慧,(德)叔本华,上海人民出版社,2008-10-01,28.00元,9.2,36011,121263,7072,51431
https://book.douban.com/subject/1054685/,沉默的大多数,王小波,中国青年出版社,1997-10,27.00元,9.1,161153,257126,21197,228302
https://book.douban.com/subject/10554308/,白夜行,[日] 东野圭吾,南海出版公司,2013-1-1,39.50元,9.2,531178,150621,13415,689646
https://book.douban.com/subject/10555509/,看不见的城市,[意] 伊塔洛·卡尔维诺,译林出版社,2012-4,25.00元,9.0,42939,79142,4944,53159
https://book.douban.com/subject/10564071/,白鹿原,陈忠实,人民文学出版社,2012-9,39.00元,9.2,126947,101167,7794,197742
https://book.douban.com/subject/1057244/,边城,沈从文 黄永玉 卓雅 插图.,北岳文艺出版社,2002-4,12.00元,8.7,243042,112617,7545,427238
https://book.douban.com/subject/10583099/,全球通史,斯塔夫里阿诺斯,北京大学出版社,2012-2-1,168.00元,9.0,25770,69650,6834,36888
https://book.douban.com/subject/1058661/,飞鸟集,[印] 罗宾德拉纳德·泰戈尔,哈尔滨出版社,2004-6,16.80元,8.9,70583,60330,4754,139243
https://book.douban.com/subject/1059258/,道德经,黄元吉,陕西人民出版社,1996-10,4.50元,9.5,23012,41518,4652,46058
https://book.douban.com/subject/1060068/,撒哈拉的故事,三毛,哈尔滨出版社,2003-8,15.80元,9.2,198597,102218,5238,281937
https://book.douban.com/subject/1060852/,呼兰河传,萧红,百花文艺出版社,2005-01,19.00,9.0,90740,85784,4919,161103
https://book.douban.com/subject/1068920/,飘,[美国] 玛格丽特·米切尔,译林出版社,2000-9,40.00元,9.3,228838,253358,11789,495617
https://book.douban.com/subject/10757938/,半生缘,张爱玲,北京十月文艺出版社,2012-6-1,29.60元,9.1,39323,32828,1625,50364
https://book.douban.com/subject/10757940/,倾城之恋,张爱玲,北京十月文艺出版社,2012-6-1,29.80元,8.9,45565,26310,3279,108562
https://book.douban.com/subject/10758290/,东晋门阀政治,田余庆,北京大学出版社,2012-5,49.00元,9.5,17801,97542,4515,20821
https://book.douban.com/subject/1077847/,史记（全十册）,（汉）司马迁 （南朝宋）裴骃 集解 （唐）司马贞 索隐 （唐）张守节 正义,中华书局,1982-11,125.00,9.6,27465,69945,8238,49603
https://book.douban.com/subject/1084336/,小王子,[法国] 安东尼·德·圣-埃克苏佩里,人民文学出版社,2003-8,22.00元,9.1,798082,218158,21097,1208920
https://book.douban.com/subject/1085860/,基督山伯爵,[法国] 大仲马,上海译文出版社,1991-12-1,43.90元,9.1,137885,115562,8963,220939
https://book.douban.com/subject/1088022/,亮剑,都梁,解放军文艺出版社,2005-3,28.00元,9.0,34280,18666,801,52662
https://book.douban.com/subject/1091203/,少年凯歌,,人民文学出版社,2001-6,10.00元,9.3,22948,51988,1281,30975
https://book.douban.com/subject/1092335/,教父,[美]马里奥·普佐,译林出版社,1997-8,23.30元,9.0,42484,53014,2200,81084
https://book.douban.com/subject/1119839/,王尔德童话,[英] 王尔德,译林出版社,2003-6,6.00元,9.1,25958,59322,2217,44876
https://book.douban.com/subject/1192090/,球状闪电,刘慈欣,四川科学技术出版社,2005-6,22.00元,8.7,96445,46486,2554,133752
https://book.douban.com/subject/1200840/,平凡的世界（全三部）,路遥,人民文学出版社,2005-1,64.00元,9.0,341289,223368,20878,513710
https://book.douban.com/subject/1203426/,人间词话,王国维,上海古籍出版社,1998-12,9.80元,9.1,58979,87729,8120,125697
https://book.douban.com/subject/1205054/,悲惨世界（上中下）,[法] 雨果,人民文学出版社,1992-6,66.00元,9.1,67338,88857,3965,143089
https://book.douban.com/subject/1209899/,我与地坛,史铁生,春风文艺出版社,2002-5,25.00元,9.2,131086,126498,9514,240166
https://book.douban.com/subject/1212893/,鹿鼎记,金庸,广州出版社 花城出版社,2008-3,108.00元,8.9,58439,22067,1235,105564
https://book.douban.com/subject/1253310/,人间草木,汪曾祺,江苏文艺出版社,2005-01,20.00元,9.2,38314,79446,4966,57247
https://book.douban.com/subject/1254588/,城南旧事,林海音 文 关维兴 图,中国青年出版社,2003-7,16.00元,9.1,171135,90188,3358,349903
https://book.douban.com/subject/1255624/,神雕侠侣,金庸,生活·读书·新知三联书店,1994-5,76.80元,8.9,106726,29749,1721,168798
https://book.douban.com/subject/1255625/,天龙八部,金庸,生活·读书·新知三联书店,1994-5,96.00元,9.2,140888,73006,4084,263569
https://book.douban.com/subject/1449348/,彷徨,鲁迅,人民文学出版社,1973-3,0.37元,9.3,75089,47206,1816,152957
https://book.douban.com/subject/1449351/,呐喊,鲁迅,人民文学出版社,1973-3,0.36元,9.2,177667,112478,5208,380058
https://book.douban.com/subject/1467022/,上帝掷骰子吗,曹天元,辽宁教育出版社,2006-1,32.00元,9.2,37147,97636,5339,50905
https://book.douban.com/subject/1760432/,受戒,汪曾祺,漓江出版社,1987-10,3.95元,9.4,30914,75920,1871,64890
https://book.douban.com/subject/1765512/,海的女儿,安徒生,上海译文出版社,1978年6月,0.43,9.2,28622,8646,377,64132
https://book.douban.com/subject/1795079/,乡土中国,费孝通,上海人民出版社,2006-4,38.00,9.2,108280,156708,12079,157264
https://book.douban.com/subject/1818347/,尼罗河上的惨案,[英] 阿加莎·克里斯蒂,人民文学出版社,2006-5,22.00元,8.7,55221,72539,1130,141206
https://book.douban.com/subject/1827374/,东方快车谋杀案,[英] 阿加莎·克里斯蒂,人民文学出版社,2006-5,18.00元,9.1,153882,141343,3420,267466
https://book.douban.com/subject/1829226/,肖申克的救赎,[美] 斯蒂芬·金,人民文学出版社,2006-7,29.90元,9.1,130222,123395,5188,216869
https://book.douban.com/subject/1858568/,罪与罚,[俄] 陀思妥耶夫斯基,上海译文出版社,2006-8,23.00元,9.3,41267,121521,6199,87043
https://book.douban.com/subject/2070844/,梦里花落知多少,三毛,北京十月文艺出版社,2007-6,28.00元,8.8,102251,58661,3360,181572
https://book.douban.com/subject/21371175/,罗杰疑案,[英] 阿加莎·克里斯蒂,新星出版社,2013-3,28.00元,9.2,100331,61104,1796,123518
https://book.douban.com/subject/2143732/,灿烂千阳,[美] 卡勒德·胡赛尼,上海人民出版社,2007-9,28.00元,8.9,134029,112049,7101,207278
https://book.douban.com/subject/2154960/,一个陌生女人的来信,[奥] 斯蒂芬·茨威格,上海译文出版社,2007-7,20.00元,8.7,156102,128405,5388,245705
https://book.douban.com/subject/1004821/,理想国,[古希腊] 柏拉图,商务印书馆,1986-8,28.00元,8.8,41605,135602,12412,89324
https://book.douban.com/subject/1008357/,水浒传（全二册）,[明] 施耐庵 罗贯中,人民文学出版社,1997-1,50.60元,8.7,86023,20979,3202,168857
https://book.douban.com/subject/1035848/,一千零一夜,,人民文学出版社,2003-01,22.00,8.8,63956,24380,1017,190660
https://book.douban.com/subject/1043815/,骆驼祥子,老舍,人民文学出版社,1962-10-1,12.00元,8.6,226489,48750,2754,486926
https://book.douban.com/subject/1070851/,倚天屠龙记,金庸,生活·读书·新知三联书店,1999-04,47.00,8.7,66535,20097,926,128659
https://book.douban.com/subject/1080370/,情书,[日] 岩井俊二,天津人民出版社,2004-7,18.00元,8.6,114065,83044,2256,176894
https://book.douban.com/subject/1088581/,浮生六记,（清）沈复,人民文学出版社,1999-1,38,8.7,75601,87373,10414,135322
https://book.douban.com/subject/1321017/,九州·缥缈录,江南,新世界出版社,2005-6,20.00元,8.8,33276,30936,1527,69905
https://book.douban.com/subject/1949420/,孙子兵法,孙武,上海古籍出版社,2006-7,20.00元,9.4,15586,33345,2448,30797
https://book.douban.com/subject/1964774/,论语,,中华书局,2006-12,9.80元,9.1,26808,22706,2548,80862
https://book.douban.com/subject/1970428/,激荡三十年（上）,吴晓波,中信出版社 浙江人民出版社,2007-1,35.00,8.8,33760,50066,4718,49815
https://book.douban.com/subject/1974029/,坟,鲁迅,人民文学出版社,2006-12,16.00元,9.6,14292,18918,658,24169
https://book.douban.com/subject/2046236/,庄子,孙通海 译注,中华书局,2007-04,20.00元,9.4,13797,31555,3332,27773
https://book.douban.com/subject/2136140/,雨季不再来,三毛,北京十月文艺出版社,2007-7,28.00元,8.8,59946,36973,1943,106665
https://book.douban.com/subject/21570668/,会饮篇,[古希腊] 柏拉图,商务印书馆,2013-1,12.00元,9.3,14311,26463,1079,20116
https://book.douban.com/subject/2160556/,十万个为什么,,少年儿童出版社,1962-12,,9.2,22588,12866,486,55502
https://book.douban.com/subject/24754316/,最好的我们,八月长安,湖南文艺出版社,2013-8-5,55,8.8,76667,40875,1201,164834
https://book.douban.com/subject/25887933/,白痴,[俄] 陀思妥耶夫斯基,上海译文出版社,2015-1,68.00,9.3,16190,42121,2988,18621
https://book.douban.com/subject/2253380/,安娜·卡列尼娜,[俄] 列夫·托尔斯泰,上海文艺出版社,2007-8,37.00元,9.2,36759,77372,4235,78984
https://book.douban.com/subject/2284311/,苏菲的世界,[挪] 乔斯坦·贾德,作家出版社,2007-10,26.00元,8.8,64106,54268,11456,93852
https://book.douban.com/subject/24257229/,鼠疫,[法] 阿尔贝·加缪,上海译文出版社,2013-8,34.00元,9.1,94909,111929,10526,131022
https://book.douban.com/subject/24382569/,一桩事先张扬的凶杀案,[哥伦比亚] 加西亚·马尔克斯,南海出版公司,2013-6,25.00元,8.7,65200,88294,2022,86915
https://book.douban.com/subject/26357614/,海风中失落的血色馈赠,[加拿大] 阿利斯泰尔·麦克劳德,上海文艺出版社,2015-6-1,CNY 20.00,9.0,23008,77425,2775,31903
https://book.douban.com/subject/26295448/,你一生的故事,[美] 特德·姜,译林出版社,2015-5,36.00元,8.7,40827,108471,4724,53310
https://book.douban.com/subject/26362836/,献给阿尔吉侬的花束,[美] 丹尼尔·凯斯,广西师范大学出版社,2015-4,36.00元,9.1,136572,177049,6818,167560
https://book.douban.com/subject/26389895/,银河帝国：基地七部曲,[美] 艾萨克·阿西莫夫,江苏凤凰文艺出版社,2015-10-1,328.00元,9.5,19412,60756,4544,26896
https://book.douban.com/subject/1006197/,哈姆莱特,[英] 莎士比亚,人民文学出版社,2001-1,7.00元,8.7,54726,35376,925,109842
https://book.douban.com/subject/1012307/,规训与惩罚,[法] 米歇尔·福柯,生活·读书·新知三联书店,2003-1,21.80元,9.3,12586,86214,4125,20978
https://book.douban.com/subject/10555486/,分成两半的子爵,[意] 伊塔洛·卡尔维诺,译林出版社,2012-4-1,20.00元,8.8,34455,26085,854,43362
https://book.douban.com/subject/1394364/,银河系漫游指南,[英] 道格拉斯·亚当斯,四川科学技术出版社,2005-6,16.00元,8.8,24254,72366,2359,38853
https://book.douban.com/subject/1426971/,野火集,龙应台,文汇出版社,2005-8,25.00元,8.7,36116,44859,3003,86855
https://book.douban.com/subject/2158684/,象棋的故事,[奥] 斯蒂芬·茨威格,上海译文出版社,2007-7,23.00元,9.2,14657,31095,656,25293
https://book.douban.com/subject/21979017/,魔戒,[英] J.R.R.托尔金,上海人民出版社,2013-9,169.00元,9.5,13255,26661,1989,14411
https://book.douban.com/subject/24531956/,哈利·波特,J.K.罗琳 (J.K.Rowling),人民文学出版社,2008-12-1,498.00元,9.7,135835,48261,3755,189505
https://book.douban.com/subject/25796120/,小径分岔的花园,[阿根廷] 豪·路·博尔赫斯,上海译文出版社,2015-7,23.00,8.9,56193,90424,5467,77553
https://book.douban.com/subject/25826936/,冰与火之歌,[美]乔治·R.R.马丁,重庆出版社,2013-10-1,330.00元,9.5,21948,50702,5242,28480
https://book.douban.com/subject/25829693/,永恒的终结,[美] 艾萨克·阿西莫夫,江苏凤凰文艺出版社,2014-9,32.00元,9.1,54665,120717,3004,69285
https://book.douban.com/subject/25836270/,厌女,上野千鹤子,上海三联书店,2015-1,28.00元,9.1,95258,175830,14594,111186
https://book.douban.com/subject/25884880/,我不知道该说什么，关于死亡还是爱情,[白俄] S·A·阿列克谢耶维奇,花城出版社,2014-6-15,34.80元,9.2,21874,61731,2005,31566
https://book.douban.com/subject/25887924/,卡拉马佐夫兄弟,陀思妥耶夫斯基 (Ф.М.Достоевский),上海译文出版社,2015-2-1,CNY 78.00,9.6,52429,162193,13661,62927
https://book.douban.com/subject/25897678/,包法利夫人,福楼拜,人民文学出版社,2003-1-1,CNY 28.00,9.1,35345,45100,2895,56137
https://book.douban.com/subject/25897884/,13 67,陳浩基,皇冠文化出版有限公司,2014-6-9,NT$350,9.1,29776,74525,2101,39334
https://book.douban.com/subject/25912076/,叫魂,[美] 孔飞力,生活·读书·新知三联书店 上海三联书店,2014-6,38.00元,9.2,41290,104936,6883,46170
https://book.douban.com/subject/25935941/,天朝的崩溃,茅海建,生活·读书·新知三联书店,2014-10,59.00元,9.4,18918,62511,3229,20802
https://book.douban.com/subject/25976544/,故事,[美] 罗伯特·麦基,天津人民出版社,2014-9,68.00元,9.2,22113,97035,8855,29780
https://book.douban.com/subject/25985021/,人类简史,[以色列] 尤瓦尔·赫拉利,中信出版社,2014-11,68.00元,9.1,214851,302243,37376,266539
https://book.douban.com/subject/26171466/,筚路维艰,萧冬连,社会科学文献出版社,2014-10,45.00元,9.5,24799,74427,2748,28030
https://book.douban.com/subject/26210487/,强风吹拂,[日] 三浦紫苑,广西师范大学出版社,2015-1-1,39.00元,9.0,35274,76911,2284,46242
https://book.douban.com/subject/26413154/,李光耀观天下,李光耀,北京大学出版社,2015-6,58.00元,9.2,18921,32671,1693,21834
https://book.douban.com/subject/26425831/,斯通纳,[美] 约翰·威廉斯,上海人民出版社,2016-1,49.00元,8.8,71716,137355,5349,103683
https://book.douban.com/subject/26435510/,雕刻时光,[苏] 安德烈·塔可夫斯基,南海出版公司,2016-5,45.00元,9.4,11464,50163,2465,14827
https://book.douban.com/subject/26545308/,南京大屠杀,[美]张纯如（Iris Chang）,中信出版社,2015-8,49.00元,9.7,29267,29452,1891,34366
https://book.douban.com/subject/26576861/,最好的告别,[美] 阿图·葛文德（Atul Gawande）,浙江人民出版社,2015-7-31,54.90元,9.0,56919,176156,6717,70911
https://book.douban.com/subject/26585065/,亲密关系（第6版）,[美] 罗兰·米勒,人民邮电出版社,2015-6,138.00元,9.2,32210,138362,14553,32471
https://book.douban.com/subject/26586492/,火星救援,[美]安迪•威尔,译林出版社,2015-10,38.00,8.9,23154,35225,1147,35739
https://book.douban.com/subject/26672693/,一个叫欧维的男人决定去死,[瑞典] 弗雷德里克·巴克曼,四川文艺出版社,2015-12,35.00元,9.1,81423,151308,4528,158703
https://book.douban.com/subject/26698660/,巨人的陨落,[英] 肯·福莱特,江苏凤凰文艺出版社,2016-5-1,CNY 129.80,8.9,89128,160510,12880,113372
https://book.douban.com/subject/26704403/,二手时间,[白俄] S. A. 阿列克谢耶维奇,中信出版社,2016-1,55.00元,8.9,29118,122340,8009,37511
https://book.douban.com/subject/26734559/,棋王·树王·孩子王,阿城,江苏凤凰文艺出版社,2016-3-1,58.00,9.3,35891,37123,1396,47472
https://book.douban.com/subject/26757680/,面纱,[英] 威廉·萨默塞特·毛姆,江西人民出版社,2016-4-1,39.8元,9.0,53724,38118,2233,66542
https://book.douban.com/subject/26820347/,红星照耀中国,[美] 埃德加·斯诺埃,人民文学出版社,2016-6,43.00元,9.2,27312,49970,6425,39531
https://book.douban.com/subject/26854318/,现代艺术150年,[英] 威尔·贡培兹,广西师范大学出版社,2017-3,65.00元,9.1,16741,66734,6162,19970
https://book.douban.com/subject/26861418/,奥斯维辛,[英] 劳伦斯·里斯,广西师范大学出版社,2016-9,79.00元,9.5,12241,45331,1581,14322
https://book.douban.com/subject/26877752/,恶意,[日] 东野圭吾,南海出版公司,2016-11,39.50元,8.7,164915,52215,2440,237224
https://book.douban.com/subject/26878124/,我的天才女友,[意] 埃莱娜·费兰特,人民文学出版社,2017-1,42.00元,8.8,139421,149005,11638,183595
https://book.douban.com/subject/26896859/,当呼吸化为空气,[美] 保罗·卡拉尼什 Paul Kalanithi,浙江文艺出版社,2016-11,48.00元,8.9,34805,60351,2275,46418
https://book.douban.com/subject/3017857/,金锁记,张爱玲,哈尔滨出版社,2005-6,13.5元,8.7,68487,52508,1232,122944
https://book.douban.com/subject/3026879/,爱的艺术,[美] 艾·弗洛姆,上海译文出版社,2008-4,15.00元,8.8,56600,168726,8874,88589
https://book.douban.com/subject/30277179/,打开一颗心,[英] 斯蒂芬·韦斯塔比,广西师范大学出版社,2022-4,56,9.1,14721,39377,1418,16261
https://book.douban.com/subject/30414743/,显微镜下的大明,马伯庸,湖南文艺出版社,2019-1,52.00元,8.7,57557,61110,6242,65839
https://book.douban.com/subject/30471298/,2001：太空漫游,[英] 阿瑟·克拉克,上海文艺出版社,2019-4-10,62.00元,9.3,26711,56272,1898,57327
https://book.douban.com/subject/30484795/,黑箱：日本之耻,[日] 伊藤诗织,雅众文化/中信出版集团,2019-4,48.00元,8.9,26809,44260,1193,32178
https://book.douban.com/subject/3054821/,渴望生活,[美] 欧文·斯通,北京十月文艺出版社,2008-4,29.80元,9.1,12483,36522,1894,21986
https://book.douban.com/subject/3071717/,爱你就像爱生命,王小波 李银河,上海锦绣文章出版社,2008-5,18.00元,8.8,120602,130656,10981,174268
https://book.douban.com/subject/3131626/,荒原狼,[德]赫尔曼·黑塞,上海译文出版社,2008-7,13.00,9.0,27177,71827,3437,40875
https://book.douban.com/subject/3136271/,罗生门,[日] 芥川龙之介,上海译文出版社,2008-7,12.00元,8.7,76539,88914,5971,164363
https://book.douban.com/subject/3162991/,艺术的故事,[英] 贡布里希 (Sir E.H.Gombrich),广西美术出版社,2008-04,280.00,9.5,29352,164957,12810,45171
https://book.douban.com/subject/3183775/,四世同堂,老舍,北京十月文艺出版社,2008-7,36.00元,9.4,48129,94075,4772,131785
https://book.douban.com/subject/3211779/,嫌疑人X的献身,[日] 东野圭吾,南海出版公司,2008-9,28.00,8.9,552750,129919,7709,732311
https://book.douban.com/subject/33658616/,克莱因壶,[日] 冈岛二人,化学工业出版社,2019-9,48.00元,8.8,87850,121542,2100,114997
https://book.douban.com/subject/3410718/,美的历程,李泽厚,生活·读书·新知三联书店,2009-7,43.00元,9.2,36338,110957,6519,50331
https://book.douban.com/subject/34432750/,额尔古纳河右岸,迟子建,人民文学出版社,2019-6-1,32.00元,8.9,77173,80689,5801,91024
https://book.douban.com/subject/34835082/,一间只属于自己的房间,[英] 弗吉尼亚·伍尔夫,天津人民出版社,2019-10,39.8元,9.2,59366,90661,5306,68558
https://book.douban.com/subject/34896921/,父权制与资本主义,[日] 上野千鹤子,浙江大学出版社,2020-3,58.00元,9.2,22048,121654,7805,25177
https://book.douban.com/subject/34990839/,地下室手记,[俄] 陀思妥耶夫斯基,浙江文艺出版社,2020-5,39.80元,9.2,38453,66653,5219,46611
https://book.douban.com/subject/34998019/,秋园,杨本芬,北京联合出版公司,2020-6,38.00元,9.0,147718,108577,3932,166864
https://book.douban.com/subject/35031587/,绝叫,[日] 叶真中显,北京联合出版公司,2020-7,58.00元,8.9,150319,111620,3726,168703
https://book.douban.com/subject/35094680/,桶川跟踪狂杀人事件,[日] 清水洁,四川人民出版社,2021-2,45.00元,9.0,61852,86096,2255,70595
https://book.douban.com/subject/35170896/,平面国,[英] 埃德温·A·艾勃特,上海文化出版社,2020-8,39.80元,9.2,37297,59385,2088,43265
https://book.douban.com/subject/3518332/,绿毛水怪,王小波,时代文艺出版社,2009-1,30.00元,9.1,27710,45477,1109,46005
https://book.douban.com/subject/35218475/,变形记,[奥地利] 弗朗茨·卡夫卡,北京燕山出版社,2020-1-1,45.00,9.2,24209,19370,670,29443
https://book.douban.com/subject/35272817/,西线无战事,[德] 埃里希·玛丽亚·雷马克,上海文艺出版社,2021-1,49.00元,9.4,31546,55204,1797,38258
https://book.douban.com/subject/35313227/,刘擎西方现代思想讲义,刘擎,新星出版社,2021-1,79.00元,9.2,45808,116814,7330,51165
https://book.douban.com/subject/35317169/,成为波伏瓦,[英] 凯特·柯克帕特里克,中信出版社,2021-3,78.00元,9.0,21145,77411,3689,25257
https://book.douban.com/subject/35430425/,流俗地,【马来西亚】黎紫书,北京十月文艺出版社,2021-4-1,55.00元,9.1,43674,122691,4304,49733
https://book.douban.com/subject/35481512/,也许你该找个人聊聊,[美]洛莉·戈特利布,上海文化出版社,2021-7-28,68.00元,9.0,62690,157599,9713,68762
https://book.douban.com/subject/35494160/,挽救计划,[美] 安迪·威尔,译林出版社,2021-9,68.00,9.1,24833,50027,1867,27276
https://book.douban.com/subject/35517022/,鹿川有许多粪,李沧东,武汉大学出版社,2021-8,58.00元,8.9,42182,94465,2227,49307
https://book.douban.com/subject/26905337/,檀香刑,莫言,浙江文艺出版社,2017-1,56.00元,9.2,44663,52071,2547,56081
https://book.douban.com/subject/26925171/,大明王朝1566,刘和平,花城出版社,2016-7,88.00元,9.5,21648,24272,2252,24347
https://book.douban.com/subject/26980487/,悉达多,[德] 赫尔曼·黑塞,天津人民出版社,2017-1,32.00元,9.1,178747,140254,8884,217890
https://book.douban.com/subject/26986954/,新名字的故事,[意] 埃莱娜·费兰特,人民文学出版社,2017-4,59.00元,9.2,112204,141559,4805,152531
https://book.douban.com/subject/27002046/,美丽新世界,【英】奥尔德斯·赫胥黎,上海译文出版社,2017-6,45.00元,9.1,72348,0,0,0
https://book.douban.com/subject/27062726/,贾想 I,贾樟柯 万佳欢 编,台海出版社,2017-6-1,49.00元,9.1,15653,24572,1747,17838
https://book.douban.com/subject/27104959/,离开的，留下的,[意] 埃莱娜·费兰特,人民文学出版社,2017-10,62.00元,8.9,92017,68840,2929,120844
https://book.douban.com/subject/27184303/,遥远的向日葵地,李娟,花城出版社,2017-11,38.00元,9.1,48333,49688,2860,57286
https://book.douban.com/subject/27614904/,房思琪的初恋乐园,林奕含,北京联合出版公司,2018-2,45.00元,9.2,422743,293672,23647,554940
https://book.douban.com/subject/27615361/,昨日的世界,[奥地利] 斯蒂芬·茨威格,上海译文出版社,2018-7,49.00元,9.4,22819,59715,4030,24908
https://book.douban.com/subject/3006581/,无人生还,[英] 阿加莎・克里斯蒂,人民文学出版社,2008-3,19.00,9.0,167833,116450,3234,230973
https://book.douban.com/subject/30116399/,跨越边界的社区（修订版）,项飙,生活·读书·新知三联书店,2018-3,68.00元,9.4,12246,74051,3692,14250
https://book.douban.com/subject/30125030/,天生有罪,[南非] 特雷弗·诺亚,北京联合出版公司,2018-2-1,58.00,9.1,25047,47129,1576,29737
https://book.douban.com/subject/30142261/,长日将尽,[英] 石黑一雄,上海译文出版社,2018-5,48,8.9,45698,97299,3462,62256
https://book.douban.com/subject/30172069/,失踪的孩子,[意] 埃莱娜·费兰特,人民文学出版社,2018-7,62.00元,9.2,100785,172266,4154,136369
https://book.douban.com/subject/33440205/,你当像鸟飞往你的山,塔拉·韦斯特弗,南海出版公司,2019-10,59.00元,8.7,225102,279410,23370,278950
https://book.douban.com/subject/6518605/,三体全集,刘慈欣,重庆出版社,2012-1,168.00元,9.5,216032,214995,48677,372538
https://book.douban.com/subject/35523099/,从零开始的女性主义,[日本] 上野千鹤子 田房永子,北京联合出版公司,2021-9,52.00元,8.7,79084,109818,6132,92668
https://book.douban.com/subject/35546622/,置身事内,兰小欢,上海人民出版社,2021-8,65.00元,9.1,105133,190101,19418,112669
https://book.douban.com/subject/35587028/,生死疲劳,莫言,浙江文艺出版社,2021-11,69.90元,8.9,64880,96790,8496,73015
https://book.douban.com/subject/35776315/,足利女童连续失踪事件,[日] 清水洁,文汇出版社,2022-7,49.00元,9.0,31094,47630,1200,35404
https://book.douban.com/subject/3578470/,德米安,[德] 赫尔曼·黑塞,上海人民出版社,2009-3,25.00元,8.9,45663,84887,3082,61014
https://book.douban.com/subject/35819419/,可能性的艺术,刘瑜,广西师范大学出版社,2022-4,82.00元,9.1,50681,123565,7055,56012
https://book.douban.com/subject/35942057/,看不见的女性,卡罗琳·克里亚多·佩雷斯,新星出版社,2022-8,69.00元,9.1,23076,97188,4783,25240
https://book.douban.com/subject/35966120/,始于极限,[日] 上野千鹤子 [日] 铃木凉美,新星出版社,2022-9-20,59.00元,9.0,85572,153749,10613,95581
https://book.douban.com/subject/36078195/,一个女人的故事,[法]安妮·埃尔诺,上海人民出版社,2022-10,38.00,9.0,24589,39082,641,28879
https://book.douban.com/subject/36096304/,翦商,李硕,广西师范大学出版社,2022-10,99.00元,8.9,38626,111114,7240,41605
https://book.douban.com/subject/36328704/,太白金星有点烦,马伯庸,湖南文艺出版社,2023-6,45.00,9.0,149102,75302,4977,169243
https://book.douban.com/subject/3633461/,一句顶一万句,刘震云,长江文艺出版社,2009-3,29.80,8.8,102204,137930,8295,146846
https://book.douban.com/subject/36392723/,她对此感到厌烦,妚鹤,北京联合出版公司,2023-4,54.80元,9.0,29794,34599,2563,31446
https://book.douban.com/subject/36457094/,明亮的夜晚,[韩]崔恩荣,台海出版社,2023-8,52,9.0,70693,86520,3238,77282
https://book.douban.com/subject/3674537/,明朝那些事儿（1-9）,当年明月,中国海关出版社,2009-4,358.20元,9.2,202583,132532,28488,270538
https://book.douban.com/subject/36794613/,康熙的红票,孙立天,商务印书馆,2024-3,78,9.3,15843,46224,1466,17019
https://book.douban.com/subject/4884218/,我的阿勒泰,李娟,云南人民出版社,2010-7,25.00元,8.9,34964,49522,3434,49779
https://book.douban.com/subject/4908885/,局外人,[法] 阿尔贝·加缪,上海译文出版社,2010-8,22.00元,9.1,272633,231758,10641,391174
https://book.douban.com/subject/4913064/,活着,余华,作家出版社,2012-8,28.00元,9.4,914954,373483,32019,1427897
https://book.douban.com/subject/4920007/,不能承受的生命之轻,米兰·昆德拉,上海译文出版社,2010-8,29.00元,8.8,51021,53637,5528,75594
https://book.douban.com/subject/5038409/,金色梦乡,[日] 伊坂幸太郎,译林出版社,2010-9,35.00元,9.0,34425,71947,1719,47491
https://book.douban.com/subject/5337248/,台北人,白先勇,广西师范大学出版社,2010-10,38.00元,9.0,84054,103375,6657,122123
https://book.douban.com/subject/5337254/,孽子,白先勇,广西师范大学出版社,2010-10,46.00元,9.1,58832,92797,3973,77151
https://book.douban.com/subject/5414391/,寻路中国,[美] 彼得·海斯勒,上海译文出版社,2011-1,33.00元,9.0,61291,136283,9777,82935
https://book.douban.com/subject/6082808/,百年孤独,[哥伦比亚] 加西亚·马尔克斯,南海出版公司,2011-6,39.50元,9.3,473998,478753,65299,705336
https://book.douban.com/subject/6388661/,这些人，那些事,吴念真,译林出版社,2011-9,28.00元,8.8,70258,112445,7265,103518
