id,book_url,source,sample_size,star_5_count,star_4_count,star_3_count,star_2_count,star_1_count,star_5_pct,star_4_pct,star_3_pct,star_2_pct,star_1_pct,want_to_read,reading,read,crawled_at
1,https://book.douban.com/subject/1007305/,official,,,,,,,84.5,13.2,1.9,0.2,0.2,207025,48746,733313,
2,https://book.douban.com/subject/1007305/,derived,20.0,20.0,0.0,0.0,0.0,0.0,100.0,0.0,0.0,0.0,0.0,207025,48746,733313,
53,https://book.douban.com/subject/1041482/,official,,,,,,,57.3,35.9,6.3,0.3,0.1,220467,29393,304730,
69,https://book.douban.com/subject/1052990/,official,,,,,,,62.4,30.1,6.6,0.6,0.4,31678,961,108372,
153,https://book.douban.com/subject/1426971/,official,,,,,,,48.2,39.5,10.6,0.9,0.8,44859,3003,86855,
171,https://book.douban.com/subject/1795079/,official,,,,,,,66.0,27.4,5.6,0.6,0.4,156708,12079,157264,
253,https://book.douban.com/subject/25884880/,official,,,,,,,65.4,28.8,5.2,0.4,0.2,61731,2005,31566,
273,https://book.douban.com/subject/26210487/,official,,,,,,,64.1,28.6,6.3,0.7,0.3,76911,2284,46242,
353,https://book.douban.com/subject/3026879/,official,,,,,,,53.1,35.4,9.7,1.3,0.5,168726,8874,88589,
375,https://book.douban.com/subject/3211779/,official,,,,,,,55.3,36.7,7.4,0.4,0.2,129919,7709,732312,
3,https://book.douban.com/subject/1002299/,official,,,,,,,65.1,28.6,5.8,0.3,0.1,47951,2174,217602,
4,https://book.douban.com/subject/1002299/,derived,20.0,16.0,4.0,0.0,0.0,0.0,80.0,20.0,0.0,0.0,0.0,47951,2174,217602,
5,https://book.douban.com/subject/1003479/,official,,,,,,,69.4,26.0,4.0,0.4,0.2,222912,12697,109637,
6,https://book.douban.com/subject/1003479/,derived,20.0,13.0,4.0,3.0,0.0,0.0,65.0,20.0,15.0,0.0,0.0,222912,12697,109637,
7,https://book.douban.com/subject/1004821/,official,,,,,,,56.4,33.4,8.9,1.0,0.4,135602,12412,89324,
8,https://book.douban.com/subject/1004821/,derived,18.0,15.0,2.0,1.0,0.0,0.0,83.3333,11.1111,5.5556,0.0,0.0,135602,12412,89324,
9,https://book.douban.com/subject/1006197/,official,,,,,,,52.1,38.5,8.9,0.4,0.1,35376,925,109842,
10,https://book.douban.com/subject/1006197/,derived,20.0,17.0,3.0,0.0,0.0,0.0,85.0,15.0,0.0,0.0,0.0,35376,925,109842,
11,https://book.douban.com/subject/1007914/,official,,,,,,,57.2,34.6,7.7,0.4,0.1,92793,6047,346975,
12,https://book.douban.com/subject/1007914/,derived,20.0,14.0,5.0,1.0,0.0,0.0,70.0,25.0,5.0,0.0,0.0,92793,6047,346975,
13,https://book.douban.com/subject/1008145/,official,,,,,,,58.9,34.1,6.5,0.3,0.1,263735,28989,673887,
14,https://book.douban.com/subject/1008145/,derived,20.0,15.0,4.0,0.0,0.0,1.0,75.0,20.0,0.0,0.0,5.0,263735,28989,673887,
15,https://book.douban.com/subject/1008357/,official,,,,,,,56.5,32.8,9.3,1.0,0.4,20979,3202,168857,
16,https://book.douban.com/subject/1008357/,derived,20.0,11.0,8.0,1.0,0.0,0.0,55.0,40.0,5.0,0.0,0.0,20979,3202,168857,
17,https://book.douban.com/subject/1011754/,official,,,,,,,58.7,33.4,7.2,0.5,0.2,78449,4360,155377,
453,https://book.douban.com/subject/4187411/,official,,,,,,,53.6,35.5,9.4,0.8,0.7,148442,3510,35829,
18,https://book.douban.com/subject/1011754/,derived,18.0,15.0,3.0,0.0,0.0,0.0,83.3333,16.6667,0.0,0.0,0.0,78449,4360,155377,
19,https://book.douban.com/subject/1012307/,official,,,,,,,71.8,23.5,4.1,0.4,0.2,86214,4125,20978,
20,https://book.douban.com/subject/1012307/,derived,19.0,14.0,4.0,1.0,0.0,0.0,73.6842,21.0526,5.2632,0.0,0.0,86214,4125,20978,
21,https://book.douban.com/subject/1013267/,official,,,,,,,78.7,17.3,3.5,0.2,0.2,25071,2339,66655,
22,https://book.douban.com/subject/1013267/,derived,19.0,14.0,5.0,0.0,0.0,0.0,73.6842,26.3158,0.0,0.0,0.0,25071,2339,66655,
23,https://book.douban.com/subject/1013416/,official,,,,,,,49.8,40.7,8.9,0.5,0.1,32838,961,171386,
24,https://book.douban.com/subject/1013416/,derived,19.0,15.0,3.0,1.0,0.0,0.0,78.9474,15.7895,5.2632,0.0,0.0,32838,961,171386,
25,https://book.douban.com/subject/1014561/,official,,,,,,,67.3,26.4,5.8,0.3,0.2,34873,4078,39816,
26,https://book.douban.com/subject/1014561/,derived,20.0,17.0,2.0,1.0,0.0,0.0,85.0,10.0,5.0,0.0,0.0,34873,4078,39816,
27,https://book.douban.com/subject/1014825/,official,,,,,,,57.1,35.4,6.6,0.5,0.4,38112,1823,27831,
28,https://book.douban.com/subject/1014825/,derived,20.0,14.0,5.0,1.0,0.0,0.0,70.0,25.0,5.0,0.0,0.0,38112,1823,27831,
29,https://book.douban.com/subject/1019568/,official,,,,,,,74.9,20.9,3.8,0.3,0.2,72912,9436,373846,
30,https://book.douban.com/subject/1019568/,derived,18.0,15.0,3.0,0.0,0.0,0.0,83.3333,16.6667,0.0,0.0,0.0,72912,9436,373846,
31,https://book.douban.com/subject/1023045/,official,,,,,,,51.6,38.6,9.0,0.6,0.2,169895,15811,473568,
32,https://book.douban.com/subject/1023045/,derived,20.0,12.0,6.0,2.0,0.0,0.0,60.0,30.0,10.0,0.0,0.0,169895,15811,473568,
33,https://book.douban.com/subject/1027191/,official,,,,,,,57.8,35.0,6.4,0.6,0.3,139017,6279,84018,
34,https://book.douban.com/subject/1027191/,derived,20.0,11.0,6.0,3.0,0.0,0.0,55.0,30.0,15.0,0.0,0.0,139017,6279,84018,
35,https://book.douban.com/subject/1028409/,official,,,,,,,76.5,18.5,4.4,0.4,0.3,11146,395,31385,
36,https://book.douban.com/subject/1028409/,derived,20.0,18.0,2.0,0.0,0.0,0.0,90.0,10.0,0.0,0.0,0.0,11146,395,31385,
37,https://book.douban.com/subject/1028842/,official,,,,,,,67.9,26.0,5.4,0.4,0.3,78388,7668,40023,
38,https://book.douban.com/subject/1028842/,derived,20.0,16.0,3.0,1.0,0.0,0.0,80.0,15.0,5.0,0.0,0.0,78388,7668,40023,
39,https://book.douban.com/subject/1029111/,official,,,,,,,59.6,33.9,6.3,0.2,0.1,64451,1498,131468,
40,https://book.douban.com/subject/1029111/,derived,18.0,5.0,12.0,1.0,0.0,0.0,27.7778,66.6667,5.5556,0.0,0.0,64451,1498,131468,
41,https://book.douban.com/subject/1029553/,official,,,,,,,70.4,24.1,5.0,0.3,0.1,29355,4233,250530,
42,https://book.douban.com/subject/1029553/,derived,20.0,18.0,2.0,0.0,0.0,0.0,90.0,10.0,0.0,0.0,0.0,29355,4233,250530,
43,https://book.douban.com/subject/1034282/,official,,,,,,,57.6,33.9,7.7,0.6,0.3,115359,11510,110675,
44,https://book.douban.com/subject/1034282/,derived,20.0,11.0,5.0,1.0,2.0,1.0,55.0,25.0,5.0,10.0,5.0,115359,11510,110675,
45,https://book.douban.com/subject/1035848/,official,,,,,,,53.6,37.1,8.7,0.5,0.2,24380,1017,190660,
46,https://book.douban.com/subject/1035848/,derived,18.0,6.0,9.0,3.0,0.0,0.0,33.3333,50.0,16.6667,0.0,0.0,24380,1017,190660,
47,https://book.douban.com/subject/1036490/,official,,,,,,,55.7,36.2,7.5,0.5,0.1,32124,1407,92922,
48,https://book.douban.com/subject/1036490/,derived,18.0,8.0,8.0,1.0,1.0,0.0,44.4444,44.4444,5.5556,5.5556,0.0,32124,1407,92922,
49,https://book.douban.com/subject/1036613/,official,,,,,,,69.9,26.1,3.8,0.2,0.1,36941,905,85358,
50,https://book.douban.com/subject/1036613/,derived,19.0,11.0,8.0,0.0,0.0,0.0,57.8947,42.1053,0.0,0.0,0.0,36941,905,85358,
51,https://book.douban.com/subject/1040211/,official,,,,,,,73.9,22.3,3.6,0.2,0.1,81208,7821,221423,
52,https://book.douban.com/subject/1040211/,derived,20.0,15.0,2.0,0.0,1.0,2.0,75.0,10.0,0.0,5.0,10.0,81208,7821,221423,
54,https://book.douban.com/subject/1041482/,derived,20.0,14.0,2.0,1.0,0.0,3.0,70.0,10.0,5.0,0.0,15.0,220467,29393,304730,
55,https://book.douban.com/subject/1043008/,official,,,,,,,63.7,29.7,6.2,0.3,0.1,25565,1251,225108,
56,https://book.douban.com/subject/1043008/,derived,18.0,10.0,5.0,2.0,0.0,1.0,55.5556,27.7778,11.1111,0.0,5.5556,25565,1251,225108,
57,https://book.douban.com/subject/1043815/,official,,,,,,,48.2,43.7,7.7,0.3,0.1,48750,2754,486926,
58,https://book.douban.com/subject/1043815/,derived,17.0,12.0,5.0,0.0,0.0,0.0,70.5882,29.4118,0.0,0.0,0.0,48750,2754,486926,
59,https://book.douban.com/subject/1044547/,official,,,,,,,65.7,28.9,5.1,0.2,0.2,29502,1558,167790,
60,https://book.douban.com/subject/1044547/,derived,20.0,12.0,7.0,1.0,0.0,0.0,60.0,35.0,5.0,0.0,0.0,29502,1558,167790,
61,https://book.douban.com/subject/1046209/,official,,,,,,,69.0,26.1,4.6,0.2,0.1,36278,2054,271918,
62,https://book.douban.com/subject/1046209/,derived,19.0,14.0,5.0,0.0,0.0,0.0,73.6842,26.3158,0.0,0.0,0.0,36278,2054,271918,
63,https://book.douban.com/subject/1046492/,official,,,,,,,73.6,21.4,4.0,0.6,0.5,82657,7768,26377,
64,https://book.douban.com/subject/1046492/,derived,18.0,14.0,1.0,2.0,1.0,0.0,77.7778,5.5556,11.1111,5.5556,0.0,82657,7768,26377,
65,https://book.douban.com/subject/1051193/,official,,,,,,,51.7,40.1,7.9,0.3,0.0,72874,1425,197375,
66,https://book.douban.com/subject/1051193/,derived,20.0,9.0,9.0,2.0,0.0,0.0,45.0,45.0,10.0,0.0,0.0,72874,1425,197375,
67,https://book.douban.com/subject/10522856/,official,,,,,,,61.2,32.9,5.5,0.4,0.1,78442,3930,61620,
68,https://book.douban.com/subject/10522856/,derived,20.0,17.0,2.0,1.0,0.0,0.0,85.0,10.0,5.0,0.0,0.0,78442,3930,61620,
70,https://book.douban.com/subject/1052990/,derived,20.0,12.0,5.0,1.0,2.0,0.0,60.0,25.0,5.0,10.0,0.0,31678,961,108372,
71,https://book.douban.com/subject/1054685/,official,,,,,,,62.2,31.2,5.9,0.4,0.2,257126,21197,228302,
72,https://book.douban.com/subject/1054685/,derived,20.0,15.0,3.0,2.0,0.0,0.0,75.0,15.0,10.0,0.0,0.0,257126,21197,228302,
73,https://book.douban.com/subject/10554308/,official,,,,,,,68.0,26.6,4.7,0.5,0.2,150621,13415,689646,
74,https://book.douban.com/subject/10554308/,derived,20.0,12.0,5.0,1.0,1.0,1.0,60.0,25.0,5.0,5.0,5.0,150621,13415,689646,
75,https://book.douban.com/subject/10555486/,official,,,,,,,50.2,42.2,7.1,0.4,0.1,26085,854,43362,
76,https://book.douban.com/subject/10555486/,derived,20.0,14.0,5.0,1.0,0.0,0.0,70.0,25.0,5.0,0.0,0.0,26085,854,43362,
77,https://book.douban.com/subject/10555509/,official,,,,,,,60.9,28.9,8.6,1.1,0.5,79142,4944,53159,
78,https://book.douban.com/subject/10555509/,derived,20.0,15.0,4.0,1.0,0.0,0.0,75.0,20.0,5.0,0.0,0.0,79142,4944,53159,
79,https://book.douban.com/subject/10564071/,official,,,,,,,69.3,26.2,3.9,0.4,0.2,101167,7794,197742,
80,https://book.douban.com/subject/10564071/,derived,20.0,15.0,4.0,1.0,0.0,0.0,75.0,20.0,5.0,0.0,0.0,101167,7794,197742,
81,https://book.douban.com/subject/1057244/,official,,,,,,,49.8,40.7,8.9,0.5,0.1,112617,7545,427238,
82,https://book.douban.com/subject/1057244/,derived,20.0,11.0,9.0,0.0,0.0,0.0,55.0,45.0,0.0,0.0,0.0,112617,7545,427238,
83,https://book.douban.com/subject/10583099/,official,,,,,,,63.2,28.6,6.6,1.0,0.6,69650,6834,36888,
84,https://book.douban.com/subject/10583099/,derived,20.0,11.0,6.0,0.0,2.0,1.0,55.0,30.0,0.0,10.0,5.0,69650,6834,36888,
85,https://book.douban.com/subject/1058661/,official,,,,,,,56.9,34.5,8.0,0.4,0.1,60330,4754,139243,
86,https://book.douban.com/subject/1058661/,derived,20.0,5.0,6.0,0.0,1.0,8.0,25.0,30.0,0.0,5.0,40.0,60330,4754,139243,
87,https://book.douban.com/subject/1059258/,official,,,,,,,81.6,14.8,3.1,0.2,0.3,41518,4652,46058,
88,https://book.douban.com/subject/1059258/,derived,20.0,16.0,4.0,0.0,0.0,0.0,80.0,20.0,0.0,0.0,0.0,41518,4652,46058,
89,https://book.douban.com/subject/10594787/,official,,,,,,,57.9,32.4,8.4,0.9,0.4,349693,35412,417646,
90,https://book.douban.com/subject/10594787/,derived,20.0,12.0,5.0,2.0,1.0,0.0,60.0,25.0,10.0,5.0,0.0,349693,35412,417646,
91,https://book.douban.com/subject/1060068/,official,,,,,,,67.6,27.6,4.4,0.3,0.1,102218,5238,281937,
92,https://book.douban.com/subject/1060068/,derived,20.0,13.0,6.0,0.0,0.0,1.0,65.0,30.0,0.0,0.0,5.0,102218,5238,281937,
93,https://book.douban.com/subject/1060852/,official,,,,,,,57.5,35.1,6.9,0.4,0.1,85784,4919,161103,
94,https://book.douban.com/subject/1060852/,derived,20.0,17.0,3.0,0.0,0.0,0.0,85.0,15.0,0.0,0.0,0.0,85784,4919,161103,
95,https://book.douban.com/subject/1068920/,official,,,,,,,71.2,24.3,3.9,0.3,0.2,253358,11789,495617,
96,https://book.douban.com/subject/1068920/,derived,19.0,14.0,5.0,0.0,0.0,0.0,73.6842,26.3158,0.0,0.0,0.0,253358,11789,495617,
97,https://book.douban.com/subject/1070851/,official,,,,,,,53.6,36.9,8.8,0.5,0.2,20097,926,128659,
98,https://book.douban.com/subject/1070851/,derived,20.0,14.0,6.0,0.0,0.0,0.0,70.0,30.0,0.0,0.0,0.0,20097,926,128659,
99,https://book.douban.com/subject/10757938/,official,,,,,,,61.6,32.6,5.3,0.3,0.1,32828,1625,50364,
100,https://book.douban.com/subject/10757938/,derived,19.0,16.0,3.0,0.0,0.0,0.0,84.2105,15.7895,0.0,0.0,0.0,32828,1625,50364,
101,https://book.douban.com/subject/10757940/,official,,,,,,,54.0,38.3,7.1,0.5,0.1,26310,3279,108562,
102,https://book.douban.com/subject/10757940/,derived,19.0,11.0,8.0,0.0,0.0,0.0,57.8947,42.1053,0.0,0.0,0.0,26310,3279,108562,
103,https://book.douban.com/subject/10758290/,official,,,,,,,79.2,17.0,3.2,0.4,0.3,97542,4515,20821,
104,https://book.douban.com/subject/10758290/,derived,18.0,16.0,2.0,0.0,0.0,0.0,88.8889,11.1111,0.0,0.0,0.0,97542,4515,20821,
105,https://book.douban.com/subject/1077847/,official,,,,,,,82.0,15.0,2.6,0.2,0.2,69945,8238,49603,
106,https://book.douban.com/subject/1077847/,derived,18.0,16.0,2.0,0.0,0.0,0.0,88.8889,11.1111,0.0,0.0,0.0,69945,8238,49603,
107,https://book.douban.com/subject/1080370/,official,,,,,,,49.9,38.2,11.1,0.7,0.2,83044,2256,176894,
108,https://book.douban.com/subject/1080370/,derived,20.0,10.0,9.0,1.0,0.0,0.0,50.0,45.0,5.0,0.0,0.0,83044,2256,176894,
109,https://book.douban.com/subject/1083428/,official,,,,,,,55.3,35.8,8.1,0.6,0.2,120137,7324,385483,
110,https://book.douban.com/subject/1083428/,derived,20.0,15.0,3.0,2.0,0.0,0.0,75.0,15.0,10.0,0.0,0.0,120137,7324,385483,
111,https://book.douban.com/subject/1084336/,official,,,,,,,65.8,27.4,6.2,0.5,0.2,218158,21097,1208920,
112,https://book.douban.com/subject/1084336/,derived,20.0,15.0,2.0,1.0,0.0,2.0,75.0,10.0,5.0,0.0,10.0,218158,21097,1208920,
113,https://book.douban.com/subject/1085860/,official,,,,,,,63.9,29.5,6.2,0.3,0.1,115562,8963,220939,
114,https://book.douban.com/subject/1085860/,derived,20.0,16.0,4.0,0.0,0.0,0.0,80.0,20.0,0.0,0.0,0.0,115562,8963,220939,
115,https://book.douban.com/subject/1088022/,official,,,,,,,66.3,26.6,6.0,0.6,0.5,18666,801,52662,
116,https://book.douban.com/subject/1088022/,derived,20.0,12.0,7.0,1.0,0.0,0.0,60.0,35.0,5.0,0.0,0.0,18666,801,52662,
117,https://book.douban.com/subject/1088581/,official,,,,,,,47.0,40.1,11.4,1.1,0.4,87373,10414,135322,
118,https://book.douban.com/subject/1088581/,derived,20.0,11.0,7.0,2.0,0.0,0.0,55.0,35.0,10.0,0.0,0.0,87373,10414,135322,
119,https://book.douban.com/subject/1089243/,official,,,,,,,56.9,34.0,8.1,0.7,0.3,131122,12381,275976,
477,https://book.douban.com/subject/5337254/,official,,,,,,,66.9,27.8,4.8,0.4,0.2,92797,3973,77151,
120,https://book.douban.com/subject/1089243/,derived,19.0,17.0,2.0,0.0,0.0,0.0,89.4737,10.5263,0.0,0.0,0.0,131122,12381,275976,
121,https://book.douban.com/subject/1091203/,official,,,,,,,71.6,24.1,3.3,0.4,0.5,51988,1281,30975,
122,https://book.douban.com/subject/1091203/,derived,19.0,13.0,5.0,1.0,0.0,0.0,68.4211,26.3158,5.2632,0.0,0.0,51988,1281,30975,
123,https://book.douban.com/subject/1092335/,official,,,,,,,64.2,28.9,6.3,0.4,0.2,53014,2200,81084,
124,https://book.douban.com/subject/1092335/,derived,20.0,15.0,3.0,2.0,0.0,0.0,75.0,15.0,10.0,0.0,0.0,53014,2200,81084,
125,https://book.douban.com/subject/1119839/,official,,,,,,,63.6,29.6,6.2,0.5,0.1,59322,2217,44876,
126,https://book.douban.com/subject/1119839/,derived,20.0,13.0,5.0,1.0,1.0,0.0,65.0,25.0,5.0,5.0,0.0,59322,2217,44876,
127,https://book.douban.com/subject/1139360/,official,,,,,,,88.2,8.7,1.5,0.3,1.2,78627,13892,64642,
128,https://book.douban.com/subject/1139360/,derived,18.0,16.0,2.0,0.0,0.0,0.0,88.8889,11.1111,0.0,0.0,0.0,78627,13892,64642,
129,https://book.douban.com/subject/1192090/,official,,,,,,,52.4,38.4,8.4,0.6,0.2,46486,2554,133752,
130,https://book.douban.com/subject/1192090/,derived,19.0,11.0,6.0,2.0,0.0,0.0,57.8947,31.5789,10.5263,0.0,0.0,46486,2554,133752,
131,https://book.douban.com/subject/1200840/,official,,,,,,,68.1,25.3,5.5,0.8,0.4,223368,20878,513710,
132,https://book.douban.com/subject/1200840/,derived,20.0,13.0,3.0,2.0,1.0,1.0,65.0,15.0,10.0,5.0,5.0,223368,20878,513710,
133,https://book.douban.com/subject/1203426/,official,,,,,,,61.7,31.9,5.8,0.4,0.1,87729,8120,125697,
134,https://book.douban.com/subject/1203426/,derived,20.0,6.0,12.0,1.0,0.0,1.0,30.0,60.0,5.0,0.0,5.0,87729,8120,125697,
135,https://book.douban.com/subject/1205054/,official,,,,,,,66.9,27.5,5.3,0.2,0.1,88857,3965,143089,
136,https://book.douban.com/subject/1205054/,derived,19.0,13.0,3.0,2.0,0.0,1.0,68.4211,15.7895,10.5263,0.0,5.2632,88857,3965,143089,
137,https://book.douban.com/subject/1209899/,official,,,,,,,70.7,24.8,4.1,0.3,0.1,126498,9514,240166,
138,https://book.douban.com/subject/1209899/,derived,20.0,16.0,4.0,0.0,0.0,0.0,80.0,20.0,0.0,0.0,0.0,126498,9514,240166,
139,https://book.douban.com/subject/1212893/,official,,,,,,,58.6,31.5,9.0,0.6,0.3,22067,1235,105564,
140,https://book.douban.com/subject/1212893/,derived,20.0,14.0,6.0,0.0,0.0,0.0,70.0,30.0,0.0,0.0,0.0,22067,1235,105564,
141,https://book.douban.com/subject/1253310/,official,,,,,,,67.2,28.1,4.4,0.2,0.1,79446,4966,57247,
142,https://book.douban.com/subject/1253310/,derived,20.0,16.0,4.0,0.0,0.0,0.0,80.0,20.0,0.0,0.0,0.0,79446,4966,57247,
143,https://book.douban.com/subject/1254588/,official,,,,,,,63.3,31.3,5.2,0.2,0.1,90188,3358,349903,
144,https://book.douban.com/subject/1254588/,derived,20.0,15.0,5.0,0.0,0.0,0.0,75.0,25.0,0.0,0.0,0.0,90188,3358,349903,
145,https://book.douban.com/subject/1255624/,official,,,,,,,59.4,32.7,7.1,0.5,0.2,29749,1721,168798,
146,https://book.douban.com/subject/1255624/,derived,20.0,6.0,12.0,2.0,0.0,0.0,30.0,60.0,10.0,0.0,0.0,29749,1721,168798,
147,https://book.douban.com/subject/1255625/,official,,,,,,,68.5,26.3,4.7,0.3,0.2,73006,4084,263569,
148,https://book.douban.com/subject/1255625/,derived,20.0,13.0,4.0,1.0,2.0,0.0,65.0,20.0,5.0,10.0,0.0,73006,4084,263569,
149,https://book.douban.com/subject/1321017/,official,,,,,,,54.9,33.4,10.1,0.9,0.6,30936,1527,69905,
150,https://book.douban.com/subject/1321017/,derived,20.0,15.0,2.0,3.0,0.0,0.0,75.0,10.0,15.0,0.0,0.0,30936,1527,69905,
151,https://book.douban.com/subject/1394364/,official,,,,,,,53.2,33.6,11.5,1.2,0.4,72366,2359,38853,
152,https://book.douban.com/subject/1394364/,derived,20.0,14.0,3.0,1.0,0.0,2.0,70.0,15.0,5.0,0.0,10.0,72366,2359,38853,
154,https://book.douban.com/subject/1426971/,derived,20.0,14.0,4.0,0.0,2.0,0.0,70.0,20.0,0.0,10.0,0.0,44859,3003,86855,
155,https://book.douban.com/subject/1449348/,official,,,,,,,76.4,20.1,3.2,0.2,0.1,47206,1816,152957,
156,https://book.douban.com/subject/1449348/,derived,20.0,17.0,3.0,0.0,0.0,0.0,85.0,15.0,0.0,0.0,0.0,47206,1816,152957,
157,https://book.douban.com/subject/1449351/,official,,,,,,,73.2,22.5,4.0,0.2,0.1,112478,5208,380058,
158,https://book.douban.com/subject/1449351/,derived,19.0,17.0,2.0,0.0,0.0,0.0,89.4737,10.5263,0.0,0.0,0.0,112478,5208,380058,
159,https://book.douban.com/subject/1449352/,official,,,,,,,66.0,28.5,5.1,0.3,0.1,54690,3129,321237,
160,https://book.douban.com/subject/1449352/,derived,20.0,12.0,8.0,0.0,0.0,0.0,60.0,40.0,0.0,0.0,0.0,54690,3129,321237,
161,https://book.douban.com/subject/1467022/,official,,,,,,,66.6,27.4,5.2,0.6,0.2,97636,5339,50905,
162,https://book.douban.com/subject/1467022/,derived,20.0,15.0,4.0,0.0,0.0,1.0,75.0,20.0,0.0,0.0,5.0,97636,5339,50905,
163,https://book.douban.com/subject/1476651/,official,,,,,,,63.2,29.7,6.3,0.5,0.3,240988,15994,55029,
164,https://book.douban.com/subject/1476651/,derived,19.0,15.0,2.0,0.0,0.0,2.0,78.9474,10.5263,0.0,0.0,10.5263,240988,15994,55029,
165,https://book.douban.com/subject/1760432/,official,,,,,,,72.3,23.8,3.6,0.2,0.1,75920,1871,64890,
166,https://book.douban.com/subject/1760432/,derived,20.0,14.0,6.0,0.0,0.0,0.0,70.0,30.0,0.0,0.0,0.0,75920,1871,64890,
167,https://book.douban.com/subject/1765512/,official,,,,,,,63.5,28.8,7.0,0.5,0.3,8646,377,64132,
168,https://book.douban.com/subject/1765512/,derived,18.0,12.0,6.0,0.0,0.0,0.0,66.6667,33.3333,0.0,0.0,0.0,8646,377,64132,
169,https://book.douban.com/subject/1770782/,official,,,,,,,57.5,34.8,6.9,0.6,0.2,432832,59671,1261639,
170,https://book.douban.com/subject/1770782/,derived,20.0,9.0,10.0,0.0,1.0,0.0,45.0,50.0,0.0,5.0,0.0,432832,59671,1261639,
172,https://book.douban.com/subject/1795079/,derived,20.0,18.0,1.0,1.0,0.0,0.0,90.0,5.0,5.0,0.0,0.0,156708,12079,157264,
173,https://book.douban.com/subject/1818347/,official,,,,,,,50.0,41.7,7.9,0.3,0.1,72539,1130,141206,
174,https://book.douban.com/subject/1818347/,derived,18.0,8.0,7.0,1.0,0.0,2.0,44.4444,38.8889,5.5556,0.0,11.1111,72539,1130,141206,
175,https://book.douban.com/subject/1827374/,official,,,,,,,63.8,30.6,5.3,0.3,0.1,141343,3420,267466,
176,https://book.douban.com/subject/1827374/,derived,20.0,11.0,8.0,1.0,0.0,0.0,55.0,40.0,5.0,0.0,0.0,141343,3420,267466,
177,https://book.douban.com/subject/1829226/,official,,,,,,,68.0,27.1,4.5,0.3,0.1,123395,5188,216869,
178,https://book.douban.com/subject/1829226/,derived,19.0,15.0,4.0,0.0,0.0,0.0,78.9474,21.0526,0.0,0.0,0.0,123395,5188,216869,
179,https://book.douban.com/subject/1858513/,official,,,,,,,55.8,33.9,8.8,1.0,0.5,221385,16636,328856,
180,https://book.douban.com/subject/1858513/,derived,20.0,15.0,2.0,1.0,2.0,0.0,75.0,10.0,5.0,10.0,0.0,221385,16636,328856,
181,https://book.douban.com/subject/1858568/,official,,,,,,,72.1,23.2,4.1,0.4,0.2,121521,6199,87043,
182,https://book.douban.com/subject/1858568/,derived,20.0,16.0,4.0,0.0,0.0,0.0,80.0,20.0,0.0,0.0,0.0,121521,6199,87043,
183,https://book.douban.com/subject/1883245/,official,,,,,,,79.1,17.5,2.9,0.3,0.2,42502,5428,64395,
184,https://book.douban.com/subject/1883245/,derived,19.0,10.0,8.0,1.0,0.0,0.0,52.6316,42.1053,5.2632,0.0,0.0,42502,5428,64395,
185,https://book.douban.com/subject/1915958/,official,,,,,,,80.7,16.3,2.7,0.3,0.1,56669,1857,93009,
186,https://book.douban.com/subject/1915958/,derived,17.0,16.0,1.0,0.0,0.0,0.0,94.1176,5.8824,0.0,0.0,0.0,56669,1857,93009,
187,https://book.douban.com/subject/1949420/,official,,,,,,,78.0,17.8,3.8,0.3,0.2,33345,2448,30797,
188,https://book.douban.com/subject/1949420/,derived,20.0,16.0,4.0,0.0,0.0,0.0,80.0,20.0,0.0,0.0,0.0,33345,2448,30797,
189,https://book.douban.com/subject/1964774/,official,,,,,,,68.5,22.5,6.3,1.0,1.7,22706,2548,80862,
190,https://book.douban.com/subject/1964774/,derived,20.0,11.0,9.0,0.0,0.0,0.0,55.0,45.0,0.0,0.0,0.0,22706,2548,80862,
191,https://book.douban.com/subject/1970428/,official,,,,,,,50.7,40.2,8.2,0.6,0.3,50066,4718,49815,
192,https://book.douban.com/subject/1970428/,derived,20.0,11.0,7.0,2.0,0.0,0.0,55.0,35.0,10.0,0.0,0.0,50066,4718,49815,
193,https://book.douban.com/subject/1974029/,official,,,,,,,82.9,14.8,2.0,0.2,0.2,18918,658,24169,
194,https://book.douban.com/subject/1974029/,derived,18.0,15.0,3.0,0.0,0.0,0.0,83.3333,16.6667,0.0,0.0,0.0,18918,658,24169,
195,https://book.douban.com/subject/2035162/,official,,,,,,,59.1,33.5,6.7,0.5,0.2,179218,7887,155541,
196,https://book.douban.com/subject/2035162/,derived,19.0,14.0,4.0,1.0,0.0,0.0,73.6842,21.0526,5.2632,0.0,0.0,179218,7887,155541,
197,https://book.douban.com/subject/2035171/,official,,,,,,,62.8,30.4,6.1,0.4,0.2,116441,6205,52220,
198,https://book.douban.com/subject/2035171/,derived,20.0,16.0,4.0,0.0,0.0,0.0,80.0,20.0,0.0,0.0,0.0,116441,6205,52220,
199,https://book.douban.com/subject/2035179/,official,,,,,,,71.9,24.2,3.7,0.2,0.1,185998,5665,295594,
200,https://book.douban.com/subject/2035179/,derived,15.0,12.0,3.0,0.0,0.0,0.0,80.0,20.0,0.0,0.0,0.0,185998,5665,295594,
201,https://book.douban.com/subject/20421947/,official,,,,,,,52.4,38.5,8.2,0.6,0.2,56263,4346,116265,
202,https://book.douban.com/subject/20421947/,derived,20.0,12.0,8.0,0.0,0.0,0.0,60.0,40.0,0.0,0.0,0.0,56263,4346,116265,
203,https://book.douban.com/subject/20424526/,official,,,,,,,76.3,19.8,2.9,0.4,0.6,151427,13690,106259,
204,https://book.douban.com/subject/20424526/,derived,19.0,14.0,3.0,1.0,0.0,1.0,73.6842,15.7895,5.2632,0.0,5.2632,151427,13690,106259,
205,https://book.douban.com/subject/20428302/,official,,,,,,,61.2,31.0,6.7,0.8,0.4,100090,3534,57023,
206,https://book.douban.com/subject/20428302/,derived,19.0,15.0,2.0,1.0,1.0,0.0,78.9474,10.5263,5.2632,5.2632,0.0,100090,3534,57023,
207,https://book.douban.com/subject/20440644/,official,,,,,,,63.7,26.6,7.4,1.3,1.0,118786,15774,64030,
208,https://book.douban.com/subject/20440644/,derived,20.0,9.0,2.0,5.0,1.0,3.0,45.0,10.0,25.0,5.0,15.0,118786,15774,64030,
209,https://book.douban.com/subject/2046236/,official,,,,,,,79.3,16.5,3.5,0.3,0.4,31555,3332,27773,
210,https://book.douban.com/subject/2046236/,derived,20.0,14.0,6.0,0.0,0.0,0.0,70.0,30.0,0.0,0.0,0.0,31555,3332,27773,
211,https://book.douban.com/subject/2046909/,official,,,,,,,78.9,17.8,2.9,0.2,0.1,55623,1504,125943,
212,https://book.douban.com/subject/2046909/,derived,20.0,17.0,3.0,0.0,0.0,0.0,85.0,15.0,0.0,0.0,0.0,55623,1504,125943,
213,https://book.douban.com/subject/2068249/,official,,,,,,,63.2,31.0,5.3,0.2,0.1,32777,841,52362,
214,https://book.douban.com/subject/2068249/,derived,19.0,13.0,4.0,2.0,0.0,0.0,68.4211,21.0526,10.5263,0.0,0.0,32777,841,52362,
215,https://book.douban.com/subject/2070844/,official,,,,,,,51.9,38.1,9.2,0.6,0.2,58661,3360,181572,
216,https://book.douban.com/subject/2070844/,derived,20.0,14.0,5.0,1.0,0.0,0.0,70.0,25.0,5.0,0.0,0.0,58661,3360,181572,
217,https://book.douban.com/subject/2136140/,official,,,,,,,51.9,38.5,9.1,0.5,0.1,36973,1943,106665,
218,https://book.douban.com/subject/2136140/,derived,19.0,9.0,10.0,0.0,0.0,0.0,47.3684,52.6316,0.0,0.0,0.0,36973,1943,106665,
219,https://book.douban.com/subject/21371175/,official,,,,,,,71.0,24.8,3.9,0.2,0.1,61104,1796,123518,
220,https://book.douban.com/subject/21371175/,derived,20.0,16.0,3.0,1.0,0.0,0.0,80.0,15.0,5.0,0.0,0.0,61104,1796,123518,
221,https://book.douban.com/subject/2143732/,official,,,,,,,58.4,34.4,6.7,0.4,0.1,112049,7101,207278,
222,https://book.douban.com/subject/2143732/,derived,20.0,15.0,5.0,0.0,0.0,0.0,75.0,25.0,0.0,0.0,0.0,112049,7101,207278,
223,https://book.douban.com/subject/2154960/,official,,,,,,,47.6,40.0,11.0,1.0,0.5,128405,5388,245705,
224,https://book.douban.com/subject/2154960/,derived,20.0,10.0,7.0,1.0,1.0,1.0,50.0,35.0,5.0,5.0,5.0,128405,5388,245705,
225,https://book.douban.com/subject/21570668/,official,,,,,,,70.7,24.2,4.4,0.5,0.2,26463,1079,20116,
226,https://book.douban.com/subject/21570668/,derived,19.0,12.0,6.0,1.0,0.0,0.0,63.1579,31.5789,5.2632,0.0,0.0,26463,1079,20116,
227,https://book.douban.com/subject/2158684/,official,,,,,,,64.8,29.6,5.1,0.3,0.1,31095,656,25293,
228,https://book.douban.com/subject/2158684/,derived,20.0,12.0,8.0,0.0,0.0,0.0,60.0,40.0,0.0,0.0,0.0,31095,656,25293,
229,https://book.douban.com/subject/2160556/,official,,,,,,,68.0,24.0,7.1,0.5,0.3,12866,486,55502,
230,https://book.douban.com/subject/2160556/,derived,19.0,15.0,3.0,1.0,0.0,0.0,78.9474,15.7895,5.2632,0.0,0.0,12866,486,55502,
231,https://book.douban.com/subject/21979017/,official,,,,,,,82.1,13.8,3.4,0.4,0.3,26661,1989,14411,
232,https://book.douban.com/subject/21979017/,derived,18.0,16.0,2.0,0.0,0.0,0.0,88.8889,11.1111,0.0,0.0,0.0,26661,1989,14411,
233,https://book.douban.com/subject/2253380/,official,,,,,,,65.2,28.6,5.4,0.5,0.3,77372,4235,78984,
234,https://book.douban.com/subject/2253380/,derived,20.0,13.0,7.0,0.0,0.0,0.0,65.0,35.0,0.0,0.0,0.0,77372,4235,78984,
235,https://book.douban.com/subject/2284311/,official,,,,,,,52.2,36.8,9.9,0.9,0.3,54268,11456,93852,
236,https://book.douban.com/subject/2284311/,derived,20.0,11.0,7.0,1.0,0.0,1.0,55.0,35.0,5.0,0.0,5.0,54268,11456,93852,
237,https://book.douban.com/subject/24257229/,official,,,,,,,60.8,31.4,6.9,0.6,0.2,111929,10526,131022,
238,https://book.douban.com/subject/24257229/,derived,20.0,15.0,5.0,0.0,0.0,0.0,75.0,25.0,0.0,0.0,0.0,111929,10526,131022,
239,https://book.douban.com/subject/24382569/,official,,,,,,,49.1,40.7,9.3,0.7,0.2,88294,2022,86915,
240,https://book.douban.com/subject/24382569/,derived,20.0,13.0,5.0,2.0,0.0,0.0,65.0,25.0,10.0,0.0,0.0,88294,2022,86915,
241,https://book.douban.com/subject/24531956/,official,,,,,,,84.5,13.5,1.8,0.2,0.2,48261,3755,189505,
242,https://book.douban.com/subject/24531956/,derived,15.0,13.0,2.0,0.0,0.0,0.0,86.6667,13.3333,0.0,0.0,0.0,48261,3755,189505,
243,https://book.douban.com/subject/24754316/,official,,,,,,,53.4,35.9,9.6,0.7,0.3,40875,1201,164834,
244,https://book.douban.com/subject/24754316/,derived,20.0,17.0,3.0,0.0,0.0,0.0,85.0,15.0,0.0,0.0,0.0,40875,1201,164834,
245,https://book.douban.com/subject/25796120/,official,,,,,,,57.7,31.7,8.9,1.2,0.5,90424,5467,77553,
246,https://book.douban.com/subject/25796120/,derived,20.0,17.0,3.0,0.0,0.0,0.0,85.0,15.0,0.0,0.0,0.0,90424,5467,77553,
247,https://book.douban.com/subject/25826936/,official,,,,,,,79.8,16.7,2.9,0.3,0.3,50702,5242,28480,
248,https://book.douban.com/subject/25826936/,derived,19.0,17.0,2.0,0.0,0.0,0.0,89.4737,10.5263,0.0,0.0,0.0,50702,5242,28480,
249,https://book.douban.com/subject/25829693/,official,,,,,,,64.4,28.5,6.2,0.7,0.3,120717,3004,69285,
250,https://book.douban.com/subject/25829693/,derived,20.0,13.0,5.0,0.0,2.0,0.0,65.0,25.0,0.0,10.0,0.0,120717,3004,69285,
251,https://book.douban.com/subject/25836270/,official,,,,,,,66.9,26.4,5.0,0.8,0.9,175830,14594,111186,
252,https://book.douban.com/subject/25836270/,derived,20.0,14.0,4.0,0.0,0.0,2.0,70.0,20.0,0.0,0.0,10.0,175830,14594,111186,
254,https://book.douban.com/subject/25884880/,derived,20.0,14.0,5.0,1.0,0.0,0.0,70.0,25.0,5.0,0.0,0.0,61731,2005,31566,
255,https://book.douban.com/subject/25887924/,official,,,,,,,83.4,13.2,2.8,0.4,0.3,162193,13660,62927,
256,https://book.douban.com/subject/25887924/,derived,19.0,19.0,0.0,0.0,0.0,0.0,100.0,0.0,0.0,0.0,0.0,162193,13660,62927,
257,https://book.douban.com/subject/25887933/,official,,,,,,,72.3,22.2,4.7,0.6,0.2,42121,2988,18621,
258,https://book.douban.com/subject/25887933/,derived,18.0,17.0,1.0,0.0,0.0,0.0,94.4444,5.5556,0.0,0.0,0.0,42121,2988,18621,
259,https://book.douban.com/subject/25897678/,official,,,,,,,60.3,32.4,6.5,0.5,0.2,45100,2895,56137,
260,https://book.douban.com/subject/25897678/,derived,20.0,11.0,6.0,3.0,0.0,0.0,55.0,30.0,15.0,0.0,0.0,45100,2895,56137,
261,https://book.douban.com/subject/25897884/,official,,,,,,,66.4,26.8,5.6,0.7,0.4,74525,2101,39334,
262,https://book.douban.com/subject/25897884/,derived,20.0,13.0,5.0,1.0,1.0,0.0,65.0,25.0,5.0,5.0,0.0,74525,2101,39334,
263,https://book.douban.com/subject/25912076/,official,,,,,,,65.0,28.4,5.6,0.7,0.2,104936,6883,46170,
264,https://book.douban.com/subject/25912076/,derived,19.0,14.0,4.0,0.0,1.0,0.0,73.6842,21.0526,0.0,5.2632,0.0,104936,6883,46170,
265,https://book.douban.com/subject/25935941/,official,,,,,,,75.8,20.6,2.9,0.3,0.3,62511,3229,20802,
266,https://book.douban.com/subject/25935941/,derived,20.0,15.0,5.0,0.0,0.0,0.0,75.0,25.0,0.0,0.0,0.0,62511,3229,20802,
267,https://book.douban.com/subject/25976544/,official,,,,,,,67.2,25.6,6.0,0.7,0.5,97035,8855,29780,
268,https://book.douban.com/subject/25976544/,derived,20.0,14.0,5.0,1.0,0.0,0.0,70.0,25.0,5.0,0.0,0.0,97035,8855,29780,
269,https://book.douban.com/subject/25985021/,official,,,,,,,64.2,29.1,5.8,0.6,0.3,302243,37376,266539,
270,https://book.douban.com/subject/25985021/,derived,19.0,11.0,5.0,1.0,1.0,1.0,57.8947,26.3158,5.2632,5.2632,5.2632,302243,37376,266539,
271,https://book.douban.com/subject/26171466/,official,,,,,,,79.9,16.4,2.4,0.6,0.7,74427,2748,28030,
272,https://book.douban.com/subject/26171466/,derived,18.0,16.0,2.0,0.0,0.0,0.0,88.8889,11.1111,0.0,0.0,0.0,74427,2748,28030,
274,https://book.douban.com/subject/26210487/,derived,20.0,15.0,5.0,0.0,0.0,0.0,75.0,25.0,0.0,0.0,0.0,76911,2284,46242,
275,https://book.douban.com/subject/26292535/,official,,,,,,,67.8,26.6,5.1,0.4,0.1,21708,428,26959,
276,https://book.douban.com/subject/26292535/,derived,20.0,14.0,5.0,1.0,0.0,0.0,70.0,25.0,5.0,0.0,0.0,21708,428,26959,
277,https://book.douban.com/subject/26295448/,official,,,,,,,51.3,37.2,10.2,1.0,0.3,108470,4724,53310,
278,https://book.douban.com/subject/26295448/,derived,19.0,15.0,4.0,0.0,0.0,0.0,78.9474,21.0526,0.0,0.0,0.0,108470,4724,53310,
279,https://book.douban.com/subject/26357614/,official,,,,,,,58.5,31.6,8.5,1.1,0.3,77425,2775,31903,
280,https://book.douban.com/subject/26357614/,derived,18.0,16.0,2.0,0.0,0.0,0.0,88.8889,11.1111,0.0,0.0,0.0,77425,2775,31903,
281,https://book.douban.com/subject/26362836/,official,,,,,,,66.5,27.1,5.5,0.7,0.3,177049,6818,167560,
282,https://book.douban.com/subject/26362836/,derived,20.0,13.0,4.0,1.0,1.0,1.0,65.0,20.0,5.0,5.0,5.0,177049,6818,167560,
283,https://book.douban.com/subject/26389895/,official,,,,,,,77.3,18.5,3.4,0.5,0.3,60756,4544,26896,
284,https://book.douban.com/subject/26389895/,derived,19.0,15.0,3.0,1.0,0.0,0.0,78.9474,15.7895,5.2632,0.0,0.0,60756,4544,26896,
285,https://book.douban.com/subject/26413154/,official,,,,,,,66.7,28.2,4.5,0.4,0.3,32671,1693,21834,
286,https://book.douban.com/subject/26413154/,derived,18.0,10.0,6.0,1.0,1.0,0.0,55.5556,33.3333,5.5556,5.5556,0.0,32671,1693,21834,
287,https://book.douban.com/subject/26425831/,official,,,,,,,52.7,37.1,8.9,1.0,0.3,137355,5349,103683,
288,https://book.douban.com/subject/26425831/,derived,20.0,10.0,6.0,2.0,1.0,1.0,50.0,30.0,10.0,5.0,5.0,137355,5349,103683,
289,https://book.douban.com/subject/26435510/,official,,,,,,,75.2,20.2,3.9,0.5,0.3,50163,2465,14827,
290,https://book.douban.com/subject/26435510/,derived,20.0,18.0,2.0,0.0,0.0,0.0,90.0,10.0,0.0,0.0,0.0,50163,2465,14827,
291,https://book.douban.com/subject/26545308/,official,,,,,,,88.4,10.3,1.1,0.1,0.2,29451,1891,34366,
292,https://book.douban.com/subject/26545308/,derived,18.0,13.0,3.0,1.0,0.0,1.0,72.2222,16.6667,5.5556,0.0,5.5556,29451,1891,34366,
293,https://book.douban.com/subject/26576861/,official,,,,,,,59.1,32.0,7.8,0.9,0.2,176156,6717,70911,
294,https://book.douban.com/subject/26576861/,derived,20.0,13.0,6.0,1.0,0.0,0.0,65.0,30.0,5.0,0.0,0.0,176156,6717,70911,
295,https://book.douban.com/subject/26585065/,official,,,,,,,69.4,24.3,5.3,0.6,0.4,138362,14553,32471,
296,https://book.douban.com/subject/26585065/,derived,20.0,16.0,3.0,1.0,0.0,0.0,80.0,15.0,5.0,0.0,0.0,138362,14553,32471,
297,https://book.douban.com/subject/26586492/,official,,,,,,,55.2,36.5,7.5,0.6,0.2,35225,1147,35739,
298,https://book.douban.com/subject/26586492/,derived,20.0,15.0,4.0,0.0,1.0,0.0,75.0,20.0,0.0,5.0,0.0,35225,1147,35739,
299,https://book.douban.com/subject/26672693/,official,,,,,,,65.1,27.7,6.2,0.8,0.3,151308,4528,158703,
300,https://book.douban.com/subject/26672693/,derived,20.0,15.0,4.0,1.0,0.0,0.0,75.0,20.0,5.0,0.0,0.0,151308,4528,158703,
301,https://book.douban.com/subject/26698660/,official,,,,,,,56.8,34.3,7.7,0.8,0.3,160510,12880,113372,
302,https://book.douban.com/subject/26698660/,derived,20.0,12.0,4.0,3.0,1.0,0.0,60.0,20.0,15.0,5.0,0.0,160510,12880,113372,
303,https://book.douban.com/subject/26704403/,official,,,,,,,54.7,35.2,8.7,1.1,0.4,122340,8009,37511,
304,https://book.douban.com/subject/26704403/,derived,19.0,15.0,3.0,1.0,0.0,0.0,78.9474,15.7895,5.2632,0.0,0.0,122340,8009,37511,
305,https://book.douban.com/subject/26734559/,official,,,,,,,67.7,27.8,4.1,0.3,0.1,37123,1396,47472,
306,https://book.douban.com/subject/26734559/,derived,19.0,18.0,1.0,0.0,0.0,0.0,94.7368,5.2632,0.0,0.0,0.0,37123,1396,47472,
307,https://book.douban.com/subject/26757680/,official,,,,,,,58.7,34.3,6.4,0.5,0.2,38118,2233,66542,
308,https://book.douban.com/subject/26757680/,derived,19.0,8.0,9.0,1.0,1.0,0.0,42.1053,47.3684,5.2632,5.2632,0.0,38118,2233,66542,
309,https://book.douban.com/subject/26820347/,official,,,,,,,66.1,26.4,5.7,0.8,1.0,49970,6425,39531,
310,https://book.douban.com/subject/26820347/,derived,19.0,10.0,9.0,0.0,0.0,0.0,52.6316,47.3684,0.0,0.0,0.0,49970,6425,39531,
311,https://book.douban.com/subject/26854318/,official,,,,,,,63.7,31.0,4.8,0.4,0.2,66734,6162,19970,
312,https://book.douban.com/subject/26854318/,derived,20.0,16.0,4.0,0.0,0.0,0.0,80.0,20.0,0.0,0.0,0.0,66734,6162,19970,
313,https://book.douban.com/subject/26861418/,official,,,,,,,75.7,20.9,2.8,0.2,0.3,45331,1581,14322,
314,https://book.douban.com/subject/26861418/,derived,19.0,18.0,1.0,0.0,0.0,0.0,94.7368,5.2632,0.0,0.0,0.0,45331,1581,14322,
315,https://book.douban.com/subject/26877752/,official,,,,,,,54.9,36.3,8.2,0.5,0.1,52215,2440,237224,
316,https://book.douban.com/subject/26877752/,derived,20.0,12.0,8.0,0.0,0.0,0.0,60.0,40.0,0.0,0.0,0.0,52215,2440,237224,
317,https://book.douban.com/subject/26878124/,official,,,,,,,54.0,37.2,7.8,0.7,0.2,149005,11638,183595,
318,https://book.douban.com/subject/26878124/,derived,20.0,14.0,5.0,0.0,1.0,0.0,70.0,25.0,0.0,5.0,0.0,149005,11638,183595,
319,https://book.douban.com/subject/26896859/,official,,,,,,,55.7,35.1,8.4,0.7,0.2,60351,2275,46418,
320,https://book.douban.com/subject/26896859/,derived,19.0,14.0,5.0,0.0,0.0,0.0,73.6842,26.3158,0.0,0.0,0.0,60351,2275,46418,
321,https://book.douban.com/subject/26905337/,official,,,,,,,70.5,24.5,4.3,0.4,0.3,52071,2547,56081,
322,https://book.douban.com/subject/26905337/,derived,20.0,8.0,9.0,3.0,0.0,0.0,40.0,45.0,15.0,0.0,0.0,52071,2547,56081,
323,https://book.douban.com/subject/26925171/,official,,,,,,,82.0,15.8,1.8,0.2,0.2,24272,2252,24347,
324,https://book.douban.com/subject/26925171/,derived,19.0,16.0,3.0,0.0,0.0,0.0,84.2105,15.7895,0.0,0.0,0.0,24272,2252,24347,
325,https://book.douban.com/subject/26980487/,official,,,,,,,65.0,26.0,7.3,1.1,0.5,140254,8884,217890,
326,https://book.douban.com/subject/26980487/,derived,20.0,16.0,2.0,0.0,1.0,1.0,80.0,10.0,0.0,5.0,5.0,140254,8884,217890,
327,https://book.douban.com/subject/26986954/,official,,,,,,,67.4,27.9,4.2,0.4,0.1,141559,4805,152531,
328,https://book.douban.com/subject/26986954/,derived,20.0,13.0,5.0,2.0,0.0,0.0,65.0,25.0,10.0,0.0,0.0,141559,4805,152531,
329,https://book.douban.com/subject/27002046/,official,,,,,,,64.3,29.4,5.5,0.5,0.2,0,0,0,
330,https://book.douban.com/subject/27002046/,derived,18.0,11.0,4.0,2.0,1.0,0.0,61.1111,22.2222,11.1111,5.5556,0.0,0,0,0,
331,https://book.douban.com/subject/27062726/,official,,,,,,,57.7,37.3,4.7,0.3,0.1,24572,1747,17838,
332,https://book.douban.com/subject/27062726/,derived,19.0,11.0,7.0,1.0,0.0,0.0,57.8947,36.8421,5.2632,0.0,0.0,24572,1747,17838,
333,https://book.douban.com/subject/27104959/,official,,,,,,,56.5,35.5,7.3,0.5,0.2,68840,2929,120844,
334,https://book.douban.com/subject/27104959/,derived,19.0,13.0,6.0,0.0,0.0,0.0,68.4211,31.5789,0.0,0.0,0.0,68840,2929,120844,
335,https://book.douban.com/subject/27184303/,official,,,,,,,63.4,31.1,5.1,0.4,0.1,49688,2860,57286,
336,https://book.douban.com/subject/27184303/,derived,19.0,16.0,2.0,0.0,0.0,1.0,84.2105,10.5263,0.0,0.0,5.2632,49688,2860,57286,
337,https://book.douban.com/subject/27614904/,official,,,,,,,69.1,25.7,4.4,0.4,0.3,293672,23647,554940,
338,https://book.douban.com/subject/27614904/,derived,19.0,8.0,8.0,2.0,1.0,0.0,42.1053,42.1053,10.5263,5.2632,0.0,293672,23647,554940,
339,https://book.douban.com/subject/27615361/,official,,,,,,,72.9,21.9,4.4,0.6,0.2,59715,4030,24908,
340,https://book.douban.com/subject/27615361/,derived,20.0,18.0,2.0,0.0,0.0,0.0,90.0,10.0,0.0,0.0,0.0,59715,4030,24908,
341,https://book.douban.com/subject/3006581/,official,,,,,,,62.2,31.0,6.3,0.4,0.1,116450,3234,230973,
342,https://book.douban.com/subject/3006581/,derived,19.0,9.0,8.0,1.0,0.0,1.0,47.3684,42.1053,5.2632,0.0,5.2632,116450,3234,230973,
343,https://book.douban.com/subject/30116399/,official,,,,,,,75.0,21.6,2.9,0.3,0.2,74051,3692,14250,
344,https://book.douban.com/subject/30116399/,derived,17.0,14.0,3.0,0.0,0.0,0.0,82.3529,17.6471,0.0,0.0,0.0,74051,3692,14250,
345,https://book.douban.com/subject/30125030/,official,,,,,,,61.3,32.3,5.7,0.4,0.2,47129,1576,29737,
346,https://book.douban.com/subject/30125030/,derived,20.0,18.0,2.0,0.0,0.0,0.0,90.0,10.0,0.0,0.0,0.0,47129,1576,29737,
347,https://book.douban.com/subject/30142261/,official,,,,,,,55.1,36.7,7.3,0.6,0.2,97299,3462,62256,
348,https://book.douban.com/subject/30142261/,derived,19.0,11.0,8.0,0.0,0.0,0.0,57.8947,42.1053,0.0,0.0,0.0,97299,3462,62256,
349,https://book.douban.com/subject/30172069/,official,,,,,,,68.9,25.8,4.7,0.4,0.2,172266,4154,136369,
350,https://book.douban.com/subject/30172069/,derived,20.0,17.0,2.0,1.0,0.0,0.0,85.0,10.0,5.0,0.0,0.0,172266,4154,136369,
351,https://book.douban.com/subject/3017857/,official,,,,,,,48.2,42.1,9.3,0.3,0.1,52508,1232,122944,
352,https://book.douban.com/subject/3017857/,derived,20.0,12.0,7.0,1.0,0.0,0.0,60.0,35.0,5.0,0.0,0.0,52508,1232,122944,
354,https://book.douban.com/subject/3026879/,derived,20.0,10.0,7.0,1.0,2.0,0.0,50.0,35.0,5.0,10.0,0.0,168726,8874,88589,
355,https://book.douban.com/subject/30277179/,official,,,,,,,62.3,31.6,5.7,0.3,0.1,39377,1418,16261,
356,https://book.douban.com/subject/30277179/,derived,19.0,16.0,3.0,0.0,0.0,0.0,84.2105,15.7895,0.0,0.0,0.0,39377,1418,16261,
357,https://book.douban.com/subject/30414743/,official,,,,,,,48.2,43.4,7.7,0.5,0.2,61111,6242,65838,
358,https://book.douban.com/subject/30414743/,derived,20.0,15.0,4.0,1.0,0.0,0.0,75.0,20.0,5.0,0.0,0.0,61111,6242,65838,
359,https://book.douban.com/subject/30471298/,official,,,,,,,69.4,24.8,5.0,0.4,0.3,56272,1898,57327,
360,https://book.douban.com/subject/30471298/,derived,20.0,13.0,5.0,1.0,1.0,0.0,65.0,25.0,5.0,5.0,0.0,56272,1898,57327,
361,https://book.douban.com/subject/30484795/,official,,,,,,,52.0,39.8,7.4,0.5,0.3,44260,1193,32178,
362,https://book.douban.com/subject/30484795/,derived,20.0,16.0,4.0,0.0,0.0,0.0,80.0,20.0,0.0,0.0,0.0,44260,1193,32178,
363,https://book.douban.com/subject/3054821/,official,,,,,,,64.1,28.1,6.8,0.6,0.3,36522,1894,21986,
364,https://book.douban.com/subject/3054821/,derived,20.0,16.0,4.0,0.0,0.0,0.0,80.0,20.0,0.0,0.0,0.0,36522,1894,21986,
365,https://book.douban.com/subject/3071717/,official,,,,,,,52.8,36.9,9.4,0.7,0.2,130656,10981,174268,
366,https://book.douban.com/subject/3071717/,derived,20.0,14.0,5.0,1.0,0.0,0.0,70.0,25.0,5.0,0.0,0.0,130656,10981,174268,
367,https://book.douban.com/subject/3131626/,official,,,,,,,60.9,30.4,7.6,0.8,0.3,71827,3437,40875,
368,https://book.douban.com/subject/3131626/,derived,20.0,17.0,3.0,0.0,0.0,0.0,85.0,15.0,0.0,0.0,0.0,71827,3437,40875,
369,https://book.douban.com/subject/3136271/,official,,,,,,,48.4,40.3,10.4,0.7,0.2,88914,5971,164362,
370,https://book.douban.com/subject/3136271/,derived,19.0,14.0,5.0,0.0,0.0,0.0,73.6842,26.3158,0.0,0.0,0.0,88914,5971,164362,
371,https://book.douban.com/subject/3162991/,official,,,,,,,78.5,18.2,2.9,0.2,0.2,164957,12810,45171,
372,https://book.douban.com/subject/3162991/,derived,20.0,20.0,0.0,0.0,0.0,0.0,100.0,0.0,0.0,0.0,0.0,164957,12810,45171,
373,https://book.douban.com/subject/3183775/,official,,,,,,,75.1,21.2,3.2,0.3,0.2,94075,4772,131785,
374,https://book.douban.com/subject/3183775/,derived,20.0,19.0,1.0,0.0,0.0,0.0,95.0,5.0,0.0,0.0,0.0,94075,4772,131785,
376,https://book.douban.com/subject/3211779/,derived,20.0,15.0,3.0,0.0,0.0,2.0,75.0,15.0,0.0,0.0,10.0,129919,7709,732312,
377,https://book.douban.com/subject/3261600/,official,,,,,,,67.6,24.8,6.2,0.8,0.6,121263,7072,51431,
378,https://book.douban.com/subject/3261600/,derived,19.0,15.0,1.0,2.0,0.0,1.0,78.9474,5.2632,10.5263,0.0,5.2632,121263,7072,51431,
379,https://book.douban.com/subject/33440205/,official,,,,,,,53.7,34.1,10.0,1.6,0.6,279410,23370,278950,
380,https://book.douban.com/subject/33440205/,derived,19.0,11.0,4.0,2.0,1.0,1.0,57.8947,21.0526,10.5263,5.2632,5.2632,279410,23370,278950,
381,https://book.douban.com/subject/33658616/,official,,,,,,,55.6,36.0,7.5,0.7,0.2,121542,2100,114997,
382,https://book.douban.com/subject/33658616/,derived,20.0,19.0,1.0,0.0,0.0,0.0,95.0,5.0,0.0,0.0,0.0,121542,2100,114997,
383,https://book.douban.com/subject/3410718/,official,,,,,,,68.8,25.8,4.7,0.5,0.2,110957,6519,50331,
384,https://book.douban.com/subject/3410718/,derived,20.0,15.0,4.0,0.0,0.0,1.0,75.0,20.0,0.0,0.0,5.0,110957,6519,50331,
385,https://book.douban.com/subject/34432750/,official,,,,,,,62.3,28.3,7.8,1.2,0.4,80689,5801,91024,
386,https://book.douban.com/subject/34432750/,derived,20.0,12.0,2.0,2.0,1.0,3.0,60.0,10.0,10.0,5.0,15.0,80689,5801,91024,
387,https://book.douban.com/subject/34835082/,official,,,,,,,68.4,25.4,5.4,0.6,0.2,90661,5306,68558,
388,https://book.douban.com/subject/34835082/,derived,19.0,13.0,6.0,0.0,0.0,0.0,68.4211,31.5789,0.0,0.0,0.0,90661,5306,68558,
389,https://book.douban.com/subject/34896921/,official,,,,,,,66.7,26.2,5.0,0.9,1.2,121654,7805,25177,
390,https://book.douban.com/subject/34896921/,derived,18.0,11.0,6.0,0.0,1.0,0.0,61.1111,33.3333,0.0,5.5556,0.0,121654,7805,25177,
391,https://book.douban.com/subject/34990839/,official,,,,,,,67.5,26.0,5.5,0.7,0.4,66654,5219,46610,
392,https://book.douban.com/subject/34990839/,derived,19.0,14.0,4.0,0.0,0.0,1.0,73.6842,21.0526,0.0,0.0,5.2632,66654,5219,46610,
393,https://book.douban.com/subject/34998019/,official,,,,,,,60.3,33.2,5.7,0.5,0.4,108577,3932,166864,
394,https://book.douban.com/subject/34998019/,derived,19.0,15.0,1.0,1.0,0.0,2.0,78.9474,5.2632,5.2632,0.0,10.5263,108577,3932,166864,
395,https://book.douban.com/subject/35031587/,official,,,,,,,58.6,34.7,6.0,0.5,0.2,111620,3726,168703,
396,https://book.douban.com/subject/35031587/,derived,19.0,15.0,4.0,0.0,0.0,0.0,78.9474,21.0526,0.0,0.0,0.0,111620,3726,168703,
397,https://book.douban.com/subject/35094680/,official,,,,,,,59.0,32.5,7.6,0.8,0.2,86096,2255,70595,
398,https://book.douban.com/subject/35094680/,derived,17.0,12.0,5.0,0.0,0.0,0.0,70.5882,29.4118,0.0,0.0,0.0,86096,2255,70595,
399,https://book.douban.com/subject/35170896/,official,,,,,,,68.8,24.9,5.2,0.7,0.4,59385,2088,43265,
400,https://book.douban.com/subject/35170896/,derived,20.0,10.0,10.0,0.0,0.0,0.0,50.0,50.0,0.0,0.0,0.0,59385,2088,43265,
401,https://book.douban.com/subject/3518332/,official,,,,,,,64.3,29.5,5.7,0.4,0.1,45477,1109,46005,
402,https://book.douban.com/subject/3518332/,derived,19.0,14.0,5.0,0.0,0.0,0.0,73.6842,26.3158,0.0,0.0,0.0,45477,1109,46005,
403,https://book.douban.com/subject/35218475/,official,,,,,,,66.8,28.2,4.5,0.4,0.2,19370,670,29443,
404,https://book.douban.com/subject/35218475/,derived,20.0,14.0,6.0,0.0,0.0,0.0,70.0,30.0,0.0,0.0,0.0,19370,670,29443,
405,https://book.douban.com/subject/35272817/,official,,,,,,,74.1,22.2,3.4,0.2,0.1,55204,1797,38258,
406,https://book.douban.com/subject/35272817/,derived,20.0,19.0,1.0,0.0,0.0,0.0,95.0,5.0,0.0,0.0,0.0,55204,1797,38258,
407,https://book.douban.com/subject/35313227/,official,,,,,,,69.3,25.9,3.9,0.6,0.3,116814,7330,51165,
408,https://book.douban.com/subject/35313227/,derived,20.0,18.0,1.0,1.0,0.0,0.0,90.0,5.0,5.0,0.0,0.0,116814,7330,51165,
409,https://book.douban.com/subject/35317169/,official,,,,,,,58.5,33.0,7.3,0.8,0.4,77411,3689,25257,
410,https://book.douban.com/subject/35317169/,derived,18.0,14.0,4.0,0.0,0.0,0.0,77.7778,22.2222,0.0,0.0,0.0,77411,3689,25257,
411,https://book.douban.com/subject/35430425/,official,,,,,,,63.6,30.1,5.4,0.6,0.2,122691,4304,49733,
412,https://book.douban.com/subject/35430425/,derived,20.0,16.0,4.0,0.0,0.0,0.0,80.0,20.0,0.0,0.0,0.0,122691,4304,49733,
413,https://book.douban.com/subject/35481512/,official,,,,,,,61.1,29.2,8.0,1.2,0.5,157598,9713,68762,
414,https://book.douban.com/subject/35481512/,derived,20.0,16.0,2.0,1.0,1.0,0.0,80.0,10.0,5.0,5.0,0.0,157598,9713,68762,
415,https://book.douban.com/subject/35494160/,official,,,,,,,67.2,27.3,4.8,0.6,0.2,50027,1867,27276,
416,https://book.douban.com/subject/35494160/,derived,18.0,13.0,4.0,1.0,0.0,0.0,72.2222,22.2222,5.5556,0.0,0.0,50027,1867,27276,
417,https://book.douban.com/subject/35517022/,official,,,,,,,52.1,39.0,8.0,0.7,0.3,94465,2227,49307,
418,https://book.douban.com/subject/35517022/,derived,19.0,13.0,5.0,0.0,0.0,1.0,68.4211,26.3158,0.0,0.0,5.2632,94465,2227,49307,
419,https://book.douban.com/subject/35523099/,official,,,,,,,50.1,38.7,9.6,1.0,0.6,109818,6132,92668,
420,https://book.douban.com/subject/35523099/,derived,18.0,11.0,4.0,0.0,2.0,1.0,61.1111,22.2222,0.0,11.1111,5.5556,109818,6132,92668,
421,https://book.douban.com/subject/35546622/,official,,,,,,,64.4,30.3,4.6,0.5,0.2,190100,19418,112669,
422,https://book.douban.com/subject/35546622/,derived,19.0,12.0,6.0,0.0,1.0,0.0,63.1579,31.5789,0.0,5.2632,0.0,190100,19418,112669,
423,https://book.douban.com/subject/35587028/,official,,,,,,,63.5,27.6,6.9,1.2,0.8,96790,8496,73015,
424,https://book.douban.com/subject/35587028/,derived,20.0,7.0,9.0,3.0,1.0,0.0,35.0,45.0,15.0,5.0,0.0,96790,8496,73015,
425,https://book.douban.com/subject/35776315/,official,,,,,,,57.0,35.5,6.8,0.5,0.1,47630,1200,35404,
426,https://book.douban.com/subject/35776315/,derived,18.0,14.0,4.0,0.0,0.0,0.0,77.7778,22.2222,0.0,0.0,0.0,47630,1200,35404,
427,https://book.douban.com/subject/3578470/,official,,,,,,,56.1,34.6,8.5,0.5,0.2,84887,3082,61014,
428,https://book.douban.com/subject/3578470/,derived,20.0,15.0,4.0,1.0,0.0,0.0,75.0,20.0,5.0,0.0,0.0,84887,3082,61014,
429,https://book.douban.com/subject/35819419/,official,,,,,,,66.1,27.0,5.2,0.9,0.7,123565,7055,56012,
430,https://book.douban.com/subject/35819419/,derived,20.0,8.0,2.0,10.0,0.0,0.0,40.0,10.0,50.0,0.0,0.0,123565,7055,56012,
431,https://book.douban.com/subject/35942057/,official,,,,,,,66.9,26.2,5.4,0.8,0.7,97188,4783,25240,
432,https://book.douban.com/subject/35942057/,derived,18.0,14.0,0.0,2.0,2.0,0.0,77.7778,0.0,11.1111,11.1111,0.0,97188,4783,25240,
433,https://book.douban.com/subject/35966120/,official,,,,,,,59.4,31.3,7.6,1.0,0.7,153749,10613,95581,
434,https://book.douban.com/subject/35966120/,derived,19.0,11.0,5.0,2.0,0.0,1.0,57.8947,26.3158,10.5263,0.0,5.2632,153749,10613,95581,
435,https://book.douban.com/subject/36078195/,official,,,,,,,59.8,33.8,5.9,0.4,0.1,39082,641,28879,
436,https://book.douban.com/subject/36078195/,derived,17.0,14.0,2.0,1.0,0.0,0.0,82.3529,11.7647,5.8824,0.0,0.0,39082,641,28879,
437,https://book.douban.com/subject/36096304/,official,,,,,,,58.2,30.9,8.3,1.5,1.0,111114,7240,41605,
438,https://book.douban.com/subject/36096304/,derived,16.0,8.0,2.0,2.0,1.0,3.0,50.0,12.5,12.5,6.25,18.75,111114,7240,41605,
439,https://book.douban.com/subject/36328704/,official,,,,,,,61.3,31.8,6.0,0.6,0.2,75302,4977,169243,
440,https://book.douban.com/subject/36328704/,derived,19.0,12.0,6.0,1.0,0.0,0.0,63.1579,31.5789,5.2632,0.0,0.0,75302,4977,169243,
441,https://book.douban.com/subject/3633461/,official,,,,,,,53.7,37.8,7.5,0.6,0.2,137930,8295,146846,
442,https://book.douban.com/subject/3633461/,derived,20.0,13.0,5.0,2.0,0.0,0.0,65.0,25.0,10.0,0.0,0.0,137930,8295,146846,
443,https://book.douban.com/subject/36392723/,official,,,,,,,68.4,22.7,6.6,1.4,0.9,34599,2563,31446,
444,https://book.douban.com/subject/36392723/,derived,19.0,15.0,0.0,4.0,0.0,0.0,78.9474,0.0,21.0526,0.0,0.0,34599,2563,31446,
445,https://book.douban.com/subject/36457094/,official,,,,,,,64.8,28.2,6.1,0.7,0.2,86520,3238,77282,
446,https://book.douban.com/subject/36457094/,derived,18.0,13.0,3.0,1.0,0.0,1.0,72.2222,16.6667,5.5556,0.0,5.5556,86520,3238,77282,
447,https://book.douban.com/subject/3674537/,official,,,,,,,70.5,24.8,4.0,0.4,0.3,132532,28488,270538,
448,https://book.douban.com/subject/3674537/,derived,20.0,14.0,3.0,1.0,0.0,2.0,70.0,15.0,5.0,0.0,10.0,132532,28488,270538,
449,https://book.douban.com/subject/36794613/,official,,,,,,,69.7,25.6,4.0,0.4,0.3,46224,1466,17019,
450,https://book.douban.com/subject/36794613/,derived,17.0,10.0,4.0,3.0,0.0,0.0,58.8235,23.5294,17.6471,0.0,0.0,46224,1466,17019,
451,https://book.douban.com/subject/4166819/,official,,,,,,,53.7,32.4,11.9,1.4,0.6,50589,3992,99587,
452,https://book.douban.com/subject/4166819/,derived,20.0,18.0,1.0,0.0,0.0,1.0,90.0,5.0,0.0,0.0,5.0,50589,3992,99587,
454,https://book.douban.com/subject/4187411/,derived,20.0,12.0,6.0,2.0,0.0,0.0,60.0,30.0,10.0,0.0,0.0,148442,3510,35829,
455,https://book.douban.com/subject/4207781/,official,,,,,,,44.5,42.4,11.7,0.9,0.5,56683,2964,174908,
456,https://book.douban.com/subject/4207781/,derived,20.0,13.0,5.0,2.0,0.0,0.0,65.0,25.0,10.0,0.0,0.0,56683,2964,174908,
457,https://book.douban.com/subject/4238362/,official,,,,,,,45.3,40.3,12.3,1.5,0.6,158399,18026,190997,
458,https://book.douban.com/subject/4238362/,derived,20.0,8.0,4.0,2.0,4.0,2.0,40.0,20.0,10.0,20.0,10.0,158399,18026,190997,
459,https://book.douban.com/subject/4760224/,official,,,,,,,68.7,27.6,3.4,0.2,0.1,69421,2726,339692,
460,https://book.douban.com/subject/4760224/,derived,20.0,13.0,7.0,0.0,0.0,0.0,65.0,35.0,0.0,0.0,0.0,69421,2726,339692,
461,https://book.douban.com/subject/4820710/,official,,,,,,,74.4,21.9,3.3,0.3,0.2,0,0,0,
462,https://book.douban.com/subject/4820710/,derived,20.0,15.0,4.0,0.0,1.0,0.0,75.0,20.0,0.0,5.0,0.0,0,0,0,
463,https://book.douban.com/subject/4881850/,official,,,,,,,62.2,31.5,5.7,0.4,0.2,59008,2875,37731,
464,https://book.douban.com/subject/4881850/,derived,19.0,15.0,4.0,0.0,0.0,0.0,78.9474,21.0526,0.0,0.0,0.0,59008,2875,37731,
465,https://book.douban.com/subject/4884218/,official,,,,,,,54.2,37.3,7.7,0.6,0.2,49522,3434,49779,
466,https://book.douban.com/subject/4884218/,derived,20.0,15.0,4.0,1.0,0.0,0.0,75.0,20.0,5.0,0.0,0.0,49522,3434,49779,
467,https://book.douban.com/subject/4908885/,official,,,,,,,60.5,32.6,6.3,0.4,0.2,231758,10641,391174,
468,https://book.douban.com/subject/4908885/,derived,19.0,17.0,2.0,0.0,0.0,0.0,89.4737,10.5263,0.0,0.0,0.0,231758,10641,391174,
469,https://book.douban.com/subject/4913064/,official,,,,,,,77.5,20.0,2.2,0.2,0.1,373483,32019,1427897,
470,https://book.douban.com/subject/4913064/,derived,20.0,11.0,6.0,1.0,1.0,1.0,55.0,30.0,5.0,5.0,5.0,373483,32019,1427897,
471,https://book.douban.com/subject/4920007/,official,,,,,,,51.6,37.3,9.9,0.9,0.3,53637,5528,75594,
472,https://book.douban.com/subject/4920007/,derived,20.0,18.0,2.0,0.0,0.0,0.0,90.0,10.0,0.0,0.0,0.0,53637,5528,75594,
473,https://book.douban.com/subject/5038409/,official,,,,,,,59.2,31.6,7.8,1.0,0.4,71947,1719,47491,
474,https://book.douban.com/subject/5038409/,derived,20.0,14.0,4.0,1.0,1.0,0.0,70.0,20.0,5.0,5.0,0.0,71947,1719,47491,
475,https://book.douban.com/subject/5337248/,official,,,,,,,57.9,35.5,6.1,0.4,0.1,103375,6657,122123,
476,https://book.douban.com/subject/5337248/,derived,20.0,11.0,9.0,0.0,0.0,0.0,55.0,45.0,0.0,0.0,0.0,103375,6657,122123,
478,https://book.douban.com/subject/5337254/,derived,19.0,14.0,4.0,0.0,1.0,0.0,73.6842,21.0526,0.0,5.2632,0.0,92797,3973,77151,
479,https://book.douban.com/subject/5414391/,official,,,,,,,57.8,34.8,6.6,0.5,0.2,136283,9777,82935,
480,https://book.douban.com/subject/5414391/,derived,20.0,15.0,4.0,0.0,0.0,1.0,75.0,20.0,0.0,0.0,5.0,136283,9777,82935,
481,https://book.douban.com/subject/6082808/,official,,,,,,,70.7,23.5,5.1,0.5,0.3,478753,65299,705336,
482,https://book.douban.com/subject/6082808/,derived,20.0,18.0,2.0,0.0,0.0,0.0,90.0,10.0,0.0,0.0,0.0,478753,65299,705336,
483,https://book.douban.com/subject/6388661/,official,,,,,,,47.2,41.6,10.4,0.6,0.2,112445,7265,103518,
484,https://book.douban.com/subject/6388661/,derived,20.0,15.0,5.0,0.0,0.0,0.0,75.0,25.0,0.0,0.0,0.0,112445,7265,103518,
485,https://book.douban.com/subject/6518605/,official,,,,,,,81.8,15.2,2.4,0.3,0.3,214995,48677,372538,
486,https://book.douban.com/subject/6518605/,derived,20.0,13.0,4.0,1.0,1.0,1.0,65.0,20.0,5.0,5.0,5.0,214995,48677,372538,
971,https://book.douban.com/subject/6709783/,official,,,,,,,60.2,32.0,6.8,0.7,0.3,106497,6091,51554,
972,https://book.douban.com/subject/6709783/,derived,20.0,15.0,3.0,2.0,0.0,0.0,75.0,15.0,10.0,0.0,0.0,106497,6091,51554,
973,https://book.douban.com/subject/6781808/,official,,,,,,,68.1,26.4,5.0,0.4,0.1,288665,12748,239555,
974,https://book.douban.com/subject/6781808/,derived,20.0,20.0,0.0,0.0,0.0,0.0,100.0,0.0,0.0,0.0,0.0,288665,12748,239555,
975,https://book.douban.com/subject/6789551/,official,,,,,,,53.9,38.2,7.4,0.4,0.2,36045,1222,42908,
976,https://book.douban.com/subject/6789551/,derived,17.0,16.0,0.0,1.0,0.0,0.0,94.1176,0.0,5.8824,0.0,0.0,36045,1222,42908,
977,https://book.douban.com/subject/6789605/,official,,,,,,,61.9,30.9,6.5,0.5,0.2,150659,5471,102768,
978,https://book.douban.com/subject/6789605/,derived,19.0,15.0,4.0,0.0,0.0,0.0,78.9474,21.0526,0.0,0.0,0.0,150659,5471,102768,
979,https://book.douban.com/subject/6798611/,official,,,,,,,50.9,38.2,10.0,0.6,0.3,89838,13974,117885,
980,https://book.douban.com/subject/6798611/,derived,20.0,12.0,7.0,1.0,0.0,0.0,60.0,35.0,5.0,0.0,0.0,89838,13974,117885,
981,https://book.douban.com/subject/6880158/,official,,,,,,,56.0,36.8,6.6,0.4,0.2,73982,3886,90057,
982,https://book.douban.com/subject/6880158/,derived,20.0,13.0,6.0,1.0,0.0,0.0,65.0,30.0,5.0,0.0,0.0,73982,3886,90057,
983,https://book.douban.com/subject/7060185/,official,,,,,,,61.3,32.4,5.6,0.5,0.2,162050,8509,109547,
984,https://book.douban.com/subject/7060185/,derived,19.0,12.0,6.0,1.0,0.0,0.0,63.1579,31.5789,5.2632,0.0,0.0,162050,8509,109547,
