id,reviewer_url,display_name,following_count,followers_count,crawled_at
1,https://www.douban.com/people/1001983/,,0,0,
2,https://www.douban.com/people/1002226/,,0,0,
3,https://www.douban.com/people/10027720/,,0,0,
4,https://www.douban.com/people/1002971/,,0,0,
5,https://www.douban.com/people/1004236/,,0,0,
6,https://www.douban.com/people/1005527/,,0,0,
7,https://www.douban.com/people/1006301/,,0,0,
8,https://www.douban.com/people/100971302/,,0,0,
9,https://www.douban.com/people/1010589/,,0,0,
10,https://www.douban.com/people/1013193/,,0,0,
11,https://www.douban.com/people/1013342/,,0,0,
12,https://www.douban.com/people/1013750/,,0,0,
13,https://www.douban.com/people/101560136/,,0,0,
14,https://www.douban.com/people/1017837/,,0,0,
15,https://www.douban.com/people/102679888/,,0,0,
16,https://www.douban.com/people/102835175/,,0,0,
17,https://www.douban.com/people/103216269/,,0,0,
18,https://www.douban.com/people/1033034/,,0,0,
19,https://www.douban.com/people/103658104/,,0,0,
20,https://www.douban.com/people/104118815/,,0,0,
21,https://www.douban.com/people/1042046/,,0,0,
22,https://www.douban.com/people/104210787/,,0,0,
23,https://www.douban.com/people/104483398/,,0,0,
24,https://www.douban.com/people/104499960/,,0,0,
25,https://www.douban.com/people/1048746/,,0,0,
26,https://www.douban.com/people/10498010/,,0,0,
27,https://www.douban.com/people/1050726/,,0,0,
28,https://www.douban.com/people/1051098/,,0,0,
29,https://www.douban.com/people/105128150/,,0,0,
30,https://www.douban.com/people/1051433/,,0,0,
31,https://www.douban.com/people/1052488/,,0,0,
32,https://www.douban.com/people/105365878/,,0,0,
33,https://www.douban.com/people/105417000/,,0,0,
34,https://www.douban.com/people/1057716/,,0,0,
35,https://www.douban.com/people/1058692/,,0,0,
36,https://www.douban.com/people/1058951/,,0,0,
37,https://www.douban.com/people/1060007/,,0,0,
38,https://www.douban.com/people/106127984/,,0,0,
39,https://www.douban.com/people/106460083/,,0,0,
40,https://www.douban.com/people/1066668/,,0,0,
41,https://www.douban.com/people/1070320/,,0,0,
42,https://www.douban.com/people/107062547/,,0,0,
43,https://www.douban.com/people/1072245/,,0,0,
44,https://www.douban.com/people/1077075/,,0,0,
45,https://www.douban.com/people/1077443/,,0,0,
46,https://www.douban.com/people/1077952/,,0,0,
47,https://www.douban.com/people/1084994/,,0,0,
48,https://www.douban.com/people/108564128/,,0,0,
49,https://www.douban.com/people/1086249/,,0,0,
50,https://www.douban.com/people/1086544/,,0,0,
51,https://www.douban.com/people/1087580/,,0,0,
52,https://www.douban.com/people/1090754/,,0,0,
53,https://www.douban.com/people/1093278/,,0,0,
54,https://www.douban.com/people/1094056/,,0,0,
55,https://www.douban.com/people/1096298/,,0,0,
56,https://www.douban.com/people/110029571/,,0,0,
57,https://www.douban.com/people/1108881/,,0,0,
58,https://www.douban.com/people/1111805/,,0,0,
59,https://www.douban.com/people/1112943/,,0,0,
60,https://www.douban.com/people/112282240/,,0,0,
61,https://www.douban.com/people/1125487/,,0,0,
62,https://www.douban.com/people/112826254/,,0,0,
63,https://www.douban.com/people/1128522/,,0,0,
64,https://www.douban.com/people/1130269/,,0,0,
65,https://www.douban.com/people/113424333/,,0,0,
66,https://www.douban.com/people/1138420/,,0,0,
67,https://www.douban.com/people/114515320/,,0,0,
68,https://www.douban.com/people/114886013/,,0,0,
69,https://www.douban.com/people/114957814/,,0,0,
70,https://www.douban.com/people/115208055/,,0,0,
71,https://www.douban.com/people/11537781/,,0,0,
72,https://www.douban.com/people/1155527/,,0,0,
73,https://www.douban.com/people/115637203/,,0,0,
74,https://www.douban.com/people/115647244/,,0,0,
75,https://www.douban.com/people/116263084/,,0,0,
76,https://www.douban.com/people/1164443/,,0,0,
77,https://www.douban.com/people/116499639/,,0,0,
78,https://www.douban.com/people/1169768/,,0,0,
79,https://www.douban.com/people/1170357/,,0,0,
80,https://www.douban.com/people/1173313/,,0,0,
81,https://www.douban.com/people/1180698/,,0,0,
82,https://www.douban.com/people/1182787/,,0,0,
83,https://www.douban.com/people/1185922/,,0,0,
84,https://www.douban.com/people/119012256/,,0,0,
85,https://www.douban.com/people/119646308/,,0,0,
86,https://www.douban.com/people/119843258/,,0,0,
87,https://www.douban.com/people/120016304/,,0,0,
88,https://www.douban.com/people/1201616/,,0,0,
89,https://www.douban.com/people/1202424/,,0,0,
90,https://www.douban.com/people/120384968/,,0,0,
91,https://www.douban.com/people/120516900/,,0,0,
92,https://www.douban.com/people/120660796/,,0,0,
93,https://www.douban.com/people/120673692/,,0,0,
94,https://www.douban.com/people/1207019/,,0,0,
95,https://www.douban.com/people/1207766/,,0,0,
96,https://www.douban.com/people/120874189/,,0,0,
97,https://www.douban.com/people/121068061/,,0,0,
98,https://www.douban.com/people/1213894/,,0,0,
99,https://www.douban.com/people/1215547/,,0,0,
100,https://www.douban.com/people/159001685/,,0,0,
101,https://www.douban.com/people/aixiaoke/,,0,0,
102,https://www.douban.com/people/zhangjiawei/,,0,0,
103,https://www.douban.com/people/Sising/,,0,0,
104,https://www.douban.com/people/50577916/,,0,0,
105,https://www.douban.com/people/magic828/,,0,0,
106,https://www.douban.com/people/ibookreview/,,0,0,
107,https://www.douban.com/people/yuyan545/,,0,0,
108,https://www.douban.com/people/225568640/,,0,0,
109,https://www.douban.com/people/50021732/,,0,0,
110,https://www.douban.com/people/61540194/,,0,0,
111,https://www.douban.com/people/135598704/,,0,0,
112,https://www.douban.com/people/3064233/,,0,0,
113,https://www.douban.com/people/62513788/,,0,0,
114,https://www.douban.com/people/77330807/,,0,0,
115,https://www.douban.com/people/paj/,,0,0,
116,https://www.douban.com/people/travelbao/,,0,0,
117,https://www.douban.com/people/tan-mu/,,0,0,
118,https://www.douban.com/people/hecaitou/,,0,0,
119,https://www.douban.com/people/jiafeimao/,,0,0,
120,https://www.douban.com/people/k19940428/,,0,0,
121,https://www.douban.com/people/wqfengjun/,,0,0,
122,https://www.douban.com/people/qsxiao/,,0,0,
123,https://www.douban.com/people/155591171/,,0,0,
124,https://www.douban.com/people/155602014/,,0,0,
125,https://www.douban.com/people/192582794/,,0,0,
126,https://www.douban.com/people/1790516/,,0,0,
127,https://www.douban.com/people/2006114/,,0,0,
128,https://www.douban.com/people/57026646/,,0,0,
129,https://www.douban.com/people/283465729/,,0,0,
130,https://www.douban.com/people/71829281/,,0,0,
131,https://www.douban.com/people/Iamkkhu/,,0,0,
132,https://www.douban.com/people/daisychen1942/,,0,0,
133,https://www.douban.com/people/fangxo72/,,0,0,
134,https://www.douban.com/people/JoGreen/,,0,0,
135,https://www.douban.com/people/isaasi/,,0,0,
136,https://www.douban.com/people/jintaiwangdao/,,0,0,
137,https://www.douban.com/people/mado1983/,,0,0,
138,https://www.douban.com/people/pinkonion/,,0,0,
139,https://www.douban.com/people/nwwfewx/,,0,0,
140,https://www.douban.com/people/zionius/,,0,0,
141,https://www.douban.com/people/131541374/,,0,0,
142,https://www.douban.com/people/1441177/,,0,0,
143,https://www.douban.com/people/157739673/,,0,0,
144,https://www.douban.com/people/161326702/,,0,0,
145,https://www.douban.com/people/166144145/,,0,0,
146,https://www.douban.com/people/170037846/,,0,0,
147,https://www.douban.com/people/1910834/,,0,0,
148,https://www.douban.com/people/197735945/,,0,0,
149,https://www.douban.com/people/207806969/,,0,0,
150,https://www.douban.com/people/4646789/,,0,0,
151,https://www.douban.com/people/51201032/,,0,0,
152,https://www.douban.com/people/57997401/,,0,0,
153,https://www.douban.com/people/DgzloveAngie/,,0,0,
154,https://www.douban.com/people/62675594/,,0,0,
155,https://www.douban.com/people/CONGJIAWANER/,,0,0,
156,https://www.douban.com/people/Mashuqiu/,,0,0,
157,https://www.douban.com/people/bookbug/,,0,0,
158,https://www.douban.com/people/batongyang/,,0,0,
159,https://www.douban.com/people/jiangxulin/,,0,0,
160,https://www.douban.com/people/cristallachesis/,,0,0,
161,https://www.douban.com/people/fengxifengxi/,,0,0,
162,https://www.douban.com/people/leisurewilliam/,,0,0,
163,https://www.douban.com/people/lintanxi/,,0,0,
164,https://www.douban.com/people/lovedzc/,,0,0,
165,https://www.douban.com/people/mysteryland/,,0,0,
166,https://www.douban.com/people/luoying6/,,0,0,
167,https://www.douban.com/people/shouzhu/,,0,0,
168,https://www.douban.com/people/qdmimi19810920/,,0,0,
169,https://www.douban.com/people/weizhoushiwang/,,0,0,
170,https://www.douban.com/people/wisely1229/,,0,0,
171,https://www.douban.com/people/ycll0009/,,0,0,
172,https://www.douban.com/people/ysyang/,,0,0,
173,https://www.douban.com/people/zhangxy1326/,,0,0,
174,https://www.douban.com/people/143291523/,,0,0,
175,https://www.douban.com/people/135718342/,,0,0,
176,https://www.douban.com/people/146406357/,,0,0,
177,https://www.douban.com/people/149447792/,,0,0,
178,https://www.douban.com/people/150173096/,,0,0,
179,https://www.douban.com/people/152853577/,,0,0,
180,https://www.douban.com/people/156831903/,,0,0,
181,https://www.douban.com/people/173811279/,,0,0,
182,https://www.douban.com/people/187995296/,,0,0,
183,https://www.douban.com/people/204346185/,,0,0,
184,https://www.douban.com/people/223458411/,,0,0,
185,https://www.douban.com/people/3111074/,,0,0,
186,https://www.douban.com/people/3295794/,,0,0,
187,https://www.douban.com/people/46008904/,,0,0,
188,https://www.douban.com/people/49048529/,,0,0,
189,https://www.douban.com/people/53022729/,,0,0,
190,https://www.douban.com/people/54652758/,,0,0,
191,https://www.douban.com/people/54905123/,,0,0,
192,https://www.douban.com/people/63412767/,,0,0,
193,https://www.douban.com/people/65012122/,,0,0,
194,https://www.douban.com/people/64468711/,,0,0,
195,https://www.douban.com/people/84010010/,,0,0,
196,https://www.douban.com/people/FuLingiswriting/,,0,0,
197,https://www.douban.com/people/LPP405403/,,0,0,
198,https://www.douban.com/people/Lebensneid/,,0,0,
199,https://www.douban.com/people/MOMOWOWO/,,0,0,
200,https://www.douban.com/people/adawong1026/,,0,0,
201,https://www.douban.com/people/aikeko/,,0,0,
202,https://www.douban.com/people/andrewyu/,,0,0,
203,https://www.douban.com/people/bighead/,,0,0,
204,https://www.douban.com/people/blackumbrella/,,0,0,
205,https://www.douban.com/people/etone/,,0,0,
206,https://www.douban.com/people/boular/,,0,0,
207,https://www.douban.com/people/fengjinsheng/,,0,0,
208,https://www.douban.com/people/fudatou/,,0,0,
209,https://www.douban.com/people/heybye/,,0,0,
210,https://www.douban.com/people/gallimard/,,0,0,
211,https://www.douban.com/people/guomaimai/,,0,0,
212,https://www.douban.com/people/hinabooklit/,,0,0,
213,https://www.douban.com/people/iamapig/,,0,0,
214,https://www.douban.com/people/huaxiren/,,0,0,
215,https://www.douban.com/people/jerich0/,,0,0,
216,https://www.douban.com/people/jojoqiao/,,0,0,
217,https://www.douban.com/people/julia1989/,,0,0,
218,https://www.douban.com/people/kevindreamfly/,,0,0,
219,https://www.douban.com/people/leftfm/,,0,0,
220,https://www.douban.com/people/londonfog/,,0,0,
221,https://www.douban.com/people/luhua/,,0,0,
222,https://www.douban.com/people/lizx830924y/,,0,0,
223,https://www.douban.com/people/lydy/,,0,0,
224,https://www.douban.com/people/mello/,,0,0,
225,https://www.douban.com/people/mingfa/,,0,0,
226,https://www.douban.com/people/orbiu/,,0,0,
227,https://www.douban.com/people/nopanic/,,0,0,
228,https://www.douban.com/people/ourdookbook/,,0,0,
229,https://www.douban.com/people/outman2011/,,0,0,
230,https://www.douban.com/people/quills/,,0,0,
231,https://www.douban.com/people/renxiaowen/,,0,0,
232,https://www.douban.com/people/shunian/,,0,0,
233,https://www.douban.com/people/shushu/,,0,0,
234,https://www.douban.com/people/smokey/,,0,0,
235,https://www.douban.com/people/sungdebbie/,,0,0,
236,https://www.douban.com/people/tearwall/,,0,0,
237,https://www.douban.com/people/suyunxin/,,0,0,
238,https://www.douban.com/people/tiemabinghe/,,0,0,
239,https://www.douban.com/people/tinylong/,,0,0,
240,https://www.douban.com/people/tongxin1996/,,0,0,
241,https://www.douban.com/people/wangranran/,,0,0,
242,https://www.douban.com/people/windyfeng/,,0,0,
243,https://www.douban.com/people/xiechangliu/,,0,0,
244,https://www.douban.com/people/ypnxcat/,,0,0,
245,https://www.douban.com/people/ygy8245/,,0,0,
246,https://www.douban.com/people/zuoqs/,,0,0,
247,https://www.douban.com/people/123419758/,,0,0,
248,https://www.douban.com/people/124002205/,,0,0,
249,https://www.douban.com/people/125610158/,,0,0,
250,https://www.douban.com/people/126872406/,,0,0,
251,https://www.douban.com/people/1273366/,,0,0,
252,https://www.douban.com/people/1286749/,,0,0,
253,https://www.douban.com/people/1295370/,,0,0,
254,https://www.douban.com/people/1311276/,,0,0,
255,https://www.douban.com/people/136611331/,,0,0,
256,https://www.douban.com/people/138576790/,,0,0,
257,https://www.douban.com/people/139964679/,,0,0,
258,https://www.douban.com/people/142206849/,,0,0,
259,https://www.douban.com/people/145790989/,,0,0,
260,https://www.douban.com/people/148245154/,,0,0,
261,https://www.douban.com/people/146550301/,,0,0,
262,https://www.douban.com/people/1486546/,,0,0,
263,https://www.douban.com/people/148796657/,,0,0,
264,https://www.douban.com/people/150310410/,,0,0,
265,https://www.douban.com/people/1513590/,,0,0,
266,https://www.douban.com/people/153607885/,,0,0,
267,https://www.douban.com/people/152682201/,,0,0,
268,https://www.douban.com/people/155787477/,,0,0,
269,https://www.douban.com/people/1564072/,,0,0,
270,https://www.douban.com/people/1556251/,,0,0,
271,https://www.douban.com/people/160508749/,,0,0,
272,https://www.douban.com/people/159908951/,,0,0,
273,https://www.douban.com/people/1584580/,,0,0,
274,https://www.douban.com/people/161846174/,,0,0,
275,https://www.douban.com/people/165677478/,,0,0,
276,https://www.douban.com/people/1609951/,,0,0,
277,https://www.douban.com/people/167256035/,,0,0,
278,https://www.douban.com/people/1677740/,,0,0,
279,https://www.douban.com/people/171573533/,,0,0,
280,https://www.douban.com/people/1723626/,,0,0,
281,https://www.douban.com/people/176268316/,,0,0,
282,https://www.douban.com/people/174653333/,,0,0,
283,https://www.douban.com/people/178373198/,,0,0,
284,https://www.douban.com/people/181263268/,,0,0,
285,https://www.douban.com/people/178542586/,,0,0,
286,https://www.douban.com/people/1800696/,,0,0,
287,https://www.douban.com/people/183176262/,,0,0,
288,https://www.douban.com/people/183033095/,,0,0,
289,https://www.douban.com/people/184448175/,,0,0,
290,https://www.douban.com/people/184735290/,,0,0,
291,https://www.douban.com/people/187130840/,,0,0,
292,https://www.douban.com/people/187503956/,,0,0,
293,https://www.douban.com/people/188314199/,,0,0,
294,https://www.douban.com/people/189147565/,,0,0,
295,https://www.douban.com/people/191607478/,,0,0,
296,https://www.douban.com/people/193048582/,,0,0,
297,https://www.douban.com/people/1934120/,,0,0,
298,https://www.douban.com/people/19743667/,,0,0,
299,https://www.douban.com/people/1999058/,,0,0,
300,https://www.douban.com/people/2044324/,,0,0,
301,https://www.douban.com/people/209435029/,,0,0,
302,https://www.douban.com/people/212170554/,,0,0,
303,https://www.douban.com/people/215292690/,,0,0,
304,https://www.douban.com/people/215342084/,,0,0,
305,https://www.douban.com/people/205781888/,,0,0,
306,https://www.douban.com/people/215753766/,,0,0,
307,https://www.douban.com/people/218134491/,,0,0,
308,https://www.douban.com/people/2285992/,,0,0,
309,https://www.douban.com/people/2245804/,,0,0,
310,https://www.douban.com/people/2251950/,,0,0,
311,https://www.douban.com/people/234980103/,,0,0,
312,https://www.douban.com/people/23628860/,,0,0,
313,https://www.douban.com/people/23059233/,,0,0,
314,https://www.douban.com/people/2447648/,,0,0,
315,https://www.douban.com/people/244136956/,,0,0,
316,https://www.douban.com/people/2434887/,,0,0,
317,https://www.douban.com/people/246911145/,,0,0,
318,https://www.douban.com/people/25746151/,,0,0,
319,https://www.douban.com/people/2450279/,,0,0,
320,https://www.douban.com/people/2582608/,,0,0,
321,https://www.douban.com/people/2676319/,,0,0,
322,https://www.douban.com/people/268261596/,,0,0,
323,https://www.douban.com/people/2612352/,,0,0,
324,https://www.douban.com/people/29224432/,,0,0,
325,https://www.douban.com/people/28910095/,,0,0,
326,https://www.douban.com/people/31553804/,,0,0,
327,https://www.douban.com/people/3028932/,,0,0,
328,https://www.douban.com/people/3551583/,,0,0,
329,https://www.douban.com/people/31301735/,,0,0,
330,https://www.douban.com/people/4075628/,,0,0,
331,https://www.douban.com/people/4154402/,,0,0,
332,https://www.douban.com/people/42325900/,,0,0,
333,https://www.douban.com/people/4712742/,,0,0,
334,https://www.douban.com/people/47432514/,,0,0,
335,https://www.douban.com/people/47819631/,,0,0,
336,https://www.douban.com/people/47988938/,,0,0,
337,https://www.douban.com/people/48307009/,,0,0,
338,https://www.douban.com/people/49139916/,,0,0,
339,https://www.douban.com/people/49181549/,,0,0,
340,https://www.douban.com/people/49903424/,,0,0,
341,https://www.douban.com/people/50291382/,,0,0,
342,https://www.douban.com/people/52296005/,,0,0,
343,https://www.douban.com/people/53632201/,,0,0,
344,https://www.douban.com/people/53689832/,,0,0,
345,https://www.douban.com/people/54481911/,,0,0,
346,https://www.douban.com/people/54484674/,,0,0,
347,https://www.douban.com/people/54793495/,,0,0,
348,https://www.douban.com/people/57154455/,,0,0,
349,https://www.douban.com/people/56535339/,,0,0,
350,https://www.douban.com/people/59498804/,,0,0,
351,https://www.douban.com/people/62218390/,,0,0,
352,https://www.douban.com/people/62268918/,,0,0,
353,https://www.douban.com/people/62502826/,,0,0,
354,https://www.douban.com/people/63439633/,,0,0,
355,https://www.douban.com/people/63983365/,,0,0,
356,https://www.douban.com/people/64208736/,,0,0,
357,https://www.douban.com/people/65202174/,,0,0,
358,https://www.douban.com/people/65323052/,,0,0,
359,https://www.douban.com/people/67975291/,,0,0,
360,https://www.douban.com/people/69154233/,,0,0,
361,https://www.douban.com/people/69460067/,,0,0,
362,https://www.douban.com/people/70161783/,,0,0,
363,https://www.douban.com/people/70683277/,,0,0,
364,https://www.douban.com/people/76184330/,,0,0,
365,https://www.douban.com/people/76879186/,,0,0,
366,https://www.douban.com/people/79846882/,,0,0,
367,https://www.douban.com/people/80475074/,,0,0,
368,https://www.douban.com/people/81124693/,,0,0,
369,https://www.douban.com/people/86505188/,,0,0,
370,https://www.douban.com/people/88508085/,,0,0,
371,https://www.douban.com/people/97975481/,,0,0,
372,https://www.douban.com/people/Atlantis1992/,,0,0,
373,https://www.douban.com/people/Bambus/,,0,0,
374,https://www.douban.com/people/Bobokunkun/,,0,0,
375,https://www.douban.com/people/ChannaDisco/,,0,0,
376,https://www.douban.com/people/CissyHsia/,,0,0,
377,https://www.douban.com/people/Erman-Wei/,,0,0,
378,https://www.douban.com/people/Felven/,,0,0,
379,https://www.douban.com/people/FlowerCityPress/,,0,0,
380,https://www.douban.com/people/Iwl55155/,,0,0,
381,https://www.douban.com/people/Junesky/,,0,0,
382,https://www.douban.com/people/Luna-cat/,,0,0,
383,https://www.douban.com/people/Miss.Encore/,,0,0,
384,https://www.douban.com/people/MonsieurVictor/,,0,0,
385,https://www.douban.com/people/NancyCheng/,,0,0,
386,https://www.douban.com/people/Pariscatzi/,,0,0,
387,https://www.douban.com/people/Peregrine/,,0,0,
388,https://www.douban.com/people/PixiePear/,,0,0,
389,https://www.douban.com/people/RebeccaWoo/,,0,0,
390,https://www.douban.com/people/Remette/,,0,0,
391,https://www.douban.com/people/RiverPheonix/,,0,0,
392,https://www.douban.com/people/RonaldoLuiz/,,0,0,
393,https://www.douban.com/people/Sandeworld/,,0,0,
394,https://www.douban.com/people/SheisJoyful/,,0,0,
395,https://www.douban.com/people/SilentX/,,0,0,
396,https://www.douban.com/people/Shirleysays/,,0,0,
397,https://www.douban.com/people/ThinkingCat/,,0,0,
398,https://www.douban.com/people/Vanessa.../,,0,0,
399,https://www.douban.com/people/Wangtanzhi/,,0,0,
400,https://www.douban.com/people/acstar/,,0,0,
401,https://www.douban.com/people/adayaway/,,0,0,
402,https://www.douban.com/people/adultlod/,,0,0,
403,https://www.douban.com/people/aenigma/,,0,0,
404,https://www.douban.com/people/alcudish/,,0,0,
405,https://www.douban.com/people/annabella/,,0,0,
406,https://www.douban.com/people/anran8833/,,0,0,
407,https://www.douban.com/people/antiekin/,,0,0,
408,https://www.douban.com/people/ashoftime/,,0,0,
409,https://www.douban.com/people/asl1234567/,,0,0,
410,https://www.douban.com/people/autumnppg/,,0,0,
411,https://www.douban.com/people/asukay/,,0,0,
412,https://www.douban.com/people/azurexiao/,,0,0,
413,https://www.douban.com/people/bigmiao/,,0,0,
414,https://www.douban.com/people/bigteeth/,,0,0,
415,https://www.douban.com/people/babulliu/,,0,0,
416,https://www.douban.com/people/blueshadow/,,0,0,
417,https://www.douban.com/people/bluelavender/,,0,0,
418,https://www.douban.com/people/breezee/,,0,0,
419,https://www.douban.com/people/boys_on_top/,,0,0,
420,https://www.douban.com/people/buluoge/,,0,0,
421,https://www.douban.com/people/cadylx/,,0,0,
422,https://www.douban.com/people/chenzhuo/,,0,0,
423,https://www.douban.com/people/caomolanwjj/,,0,0,
424,https://www.douban.com/people/christineM/,,0,0,
425,https://www.douban.com/people/cloudyxiaoxiang/,,0,0,
426,https://www.douban.com/people/crankysophia/,,0,0,
427,https://www.douban.com/people/crookshanks/,,0,0,
428,https://www.douban.com/people/cryingcatjojo/,,0,0,
429,https://www.douban.com/people/cxmin/,,0,0,
430,https://www.douban.com/people/daodao85125/,,0,0,
431,https://www.douban.com/people/czdjl/,,0,0,
432,https://www.douban.com/people/darlingtudai/,,0,0,
433,https://www.douban.com/people/dehuan/,,0,0,
434,https://www.douban.com/people/denovo/,,0,0,
435,https://www.douban.com/people/dreamkiller/,,0,0,
436,https://www.douban.com/people/duchamp/,,0,0,
437,https://www.douban.com/people/duoduoshuwu/,,0,0,
438,https://www.douban.com/people/fangdongliu/,,0,0,
439,https://www.douban.com/people/firefoxkid/,,0,0,
440,https://www.douban.com/people/fishlu/,,0,0,
441,https://www.douban.com/people/flowermumu/,,0,0,
442,https://www.douban.com/people/flyingpig1224/,,0,0,
443,https://www.douban.com/people/freeflying/,,0,0,
444,https://www.douban.com/people/fyyksyh/,,0,0,
445,https://www.douban.com/people/gaohesm/,,0,0,
446,https://www.douban.com/people/gaoly3/,,0,0,
447,https://www.douban.com/people/gaoxiang/,,0,0,
448,https://www.douban.com/people/gestorm/,,0,0,
449,https://www.douban.com/people/greendaythelawn/,,0,0,
450,https://www.douban.com/people/graceguo/,,0,0,
451,https://www.douban.com/people/guangdonghz/,,0,0,
452,https://www.douban.com/people/guwenhao/,,0,0,
453,https://www.douban.com/people/hedgehog/,,0,0,
454,https://www.douban.com/people/hisky/,,0,0,
455,https://www.douban.com/people/huolinicking/,,0,0,
456,https://www.douban.com/people/huwd/,,0,0,
457,https://www.douban.com/people/iamdwk/,,0,0,
458,https://www.douban.com/people/iamspringday/,,0,0,
459,https://www.douban.com/people/icancu/,,0,0,
460,https://www.douban.com/people/ichbinluz/,,0,0,
461,https://www.douban.com/people/icepink/,,0,0,
462,https://www.douban.com/people/imaginister/,,0,0,
463,https://www.douban.com/people/jiajiaxie/,,0,0,
464,https://www.douban.com/people/ischoles/,,0,0,
465,https://www.douban.com/people/jie/,,0,0,
466,https://www.douban.com/people/jr0621/,,0,0,
467,https://www.douban.com/people/junpinggao/,,0,0,
468,https://www.douban.com/people/justxuanyi/,,0,0,
469,https://www.douban.com/people/jyorena/,,0,0,
470,https://www.douban.com/people/kistar/,,0,0,
471,https://www.douban.com/people/kevingchan/,,0,0,
472,https://www.douban.com/people/kelling/,,0,0,
473,https://www.douban.com/people/l2-lucy/,,0,0,
474,https://www.douban.com/people/koiwai0908/,,0,0,
475,https://www.douban.com/people/lainyung/,,0,0,
476,https://www.douban.com/people/lanlianhua/,,0,0,
477,https://www.douban.com/people/laobai/,,0,0,
478,https://www.douban.com/people/ldqshelia/,,0,0,
479,https://www.douban.com/people/leeforce/,,0,0,
480,https://www.douban.com/people/lelia_vic/,,0,0,
481,https://www.douban.com/people/loveizumi/,,0,0,
482,https://www.douban.com/people/liyanan/,,0,0,
483,https://www.douban.com/people/lsilence104/,,0,0,
484,https://www.douban.com/people/lidusa/,,0,0,
485,https://www.douban.com/people/lucidlucia/,,0,0,
486,https://www.douban.com/people/luke/,,0,0,
487,https://www.douban.com/people/luobeini1996/,,0,0,
488,https://www.douban.com/people/lucyromance/,,0,0,
489,https://www.douban.com/people/luyutao/,,0,0,
490,https://www.douban.com/people/lurenjia/,,0,0,
491,https://www.douban.com/people/maichao/,,0,0,
492,https://www.douban.com/people/manjia12/,,0,0,
493,https://www.douban.com/people/meiyang/,,0,0,
494,https://www.douban.com/people/marlboronine/,,0,0,
495,https://www.douban.com/people/mlsslm777/,,0,0,
496,https://www.douban.com/people/momo713/,,0,0,
497,https://www.douban.com/people/moyanruxue/,,0,0,
498,https://www.douban.com/people/morningglory/,,0,0,
499,https://www.douban.com/people/mrlljx/,,0,0,
500,https://www.douban.com/people/natalie1984/,,0,0,
501,https://www.douban.com/people/nelavan/,,0,0,
502,https://www.douban.com/people/neverblue/,,0,0,
503,https://www.douban.com/people/nanuil/,,0,0,
504,https://www.douban.com/people/northlaker/,,0,0,
505,https://www.douban.com/people/nightlady/,,0,0,
506,https://www.douban.com/people/ofcandy/,,0,0,
507,https://www.douban.com/people/ole1981/,,0,0,
508,https://www.douban.com/people/nulland/,,0,0,
509,https://www.douban.com/people/orchid0112/,,0,0,
510,https://www.douban.com/people/onthewaymyself/,,0,0,
511,https://www.douban.com/people/orangelee/,,0,0,
512,https://www.douban.com/people/ouyangzhu/,,0,0,
513,https://www.douban.com/people/petitespot/,,0,0,
514,https://www.douban.com/people/princetonsylvia/,,0,0,
515,https://www.douban.com/people/prinkanjou/,,0,0,
516,https://www.douban.com/people/pubb/,,0,0,
517,https://www.douban.com/people/qiuyemantan/,,0,0,
518,https://www.douban.com/people/qiululu/,,0,0,
519,https://www.douban.com/people/renshengwuliao/,,0,0,
520,https://www.douban.com/people/rocking2807/,,0,0,
521,https://www.douban.com/people/scarletfish/,,0,0,
522,https://www.douban.com/people/selina_luo/,,0,0,
523,https://www.douban.com/people/sevensuns/,,0,0,
524,https://www.douban.com/people/shadowdoodle/,,0,0,
525,https://www.douban.com/people/shuxinpang/,,0,0,
526,https://www.douban.com/people/skwang/,,0,0,
527,https://www.douban.com/people/sibi/,,0,0,
528,https://www.douban.com/people/sl19910727/,,0,0,
529,https://www.douban.com/people/snower41/,,0,0,
530,https://www.douban.com/people/starlv/,,0,0,
531,https://www.douban.com/people/stonerve/,,0,0,
532,https://www.douban.com/people/staywhoyouare/,,0,0,
533,https://www.douban.com/people/stscar/,,0,0,
534,https://www.douban.com/people/suginami/,,0,0,
535,https://www.douban.com/people/sunreader/,,0,0,
536,https://www.douban.com/people/supman/,,0,0,
537,https://www.douban.com/people/suin/,,0,0,
538,https://www.douban.com/people/suyivito/,,0,0,
539,https://www.douban.com/people/sweetii/,,0,0,
540,https://www.douban.com/people/teochou/,,0,0,
541,https://www.douban.com/people/tangent/,,0,0,
542,https://www.douban.com/people/thespencer/,,0,0,
543,https://www.douban.com/people/thinkingmind/,,0,0,
544,https://www.douban.com/people/tieliuwudi/,,0,0,
545,https://www.douban.com/people/toyman_28/,,0,0,
546,https://www.douban.com/people/tt0909/,,0,0,
547,https://www.douban.com/people/ugay/,,0,0,
548,https://www.douban.com/people/underground1984/,,0,0,
549,https://www.douban.com/people/vingo7/,,0,0,
550,https://www.douban.com/people/voga/,,0,0,
551,https://www.douban.com/people/wanqi0911/,,0,0,
552,https://www.douban.com/people/weiwushang/,,0,0,
553,https://www.douban.com/people/wenjingbook/,,0,0,
554,https://www.douban.com/people/wenyuanxz/,,0,0,
555,https://www.douban.com/people/winwhi/,,0,0,
556,https://www.douban.com/people/ws9947/,,0,0,
557,https://www.douban.com/people/whuizw/,,0,0,
558,https://www.douban.com/people/wuda250/,,0,0,
559,https://www.douban.com/people/wuruiren/,,0,0,
560,https://www.douban.com/people/wunya/,,0,0,
561,https://www.douban.com/people/wuzhihong/,,0,0,
562,https://www.douban.com/people/wy2004/,,0,0,
563,https://www.douban.com/people/xcarol/,,0,0,
564,https://www.douban.com/people/xfxsses/,,0,0,
565,https://www.douban.com/people/xg19958/,,0,0,
566,https://www.douban.com/people/xiaojia86/,,0,0,
567,https://www.douban.com/people/xiaoxiaodeyuanz/,,0,0,
568,https://www.douban.com/people/xiaozaozi/,,0,0,
569,https://www.douban.com/people/xpwk/,,0,0,
570,https://www.douban.com/people/xuxiaomeng/,,0,0,
571,https://www.douban.com/people/xxn2000/,,0,0,
572,https://www.douban.com/people/yaya/,,0,0,
573,https://www.douban.com/people/yeppupu/,,0,0,
574,https://www.douban.com/people/yianhq/,,0,0,
575,https://www.douban.com/people/yican/,,0,0,
576,https://www.douban.com/people/yinchouyunv/,,0,0,
577,https://www.douban.com/people/yinxiang/,,0,0,
578,https://www.douban.com/people/yoyo_ran/,,0,0,
579,https://www.douban.com/people/yushi/,,0,0,
580,https://www.douban.com/people/zhangaiyin/,,0,0,
581,https://www.douban.com/people/zheng3000/,,0,0,
582,https://www.douban.com/people/zjmr/,,0,0,
583,https://www.douban.com/people/zzmz/,,0,0,
